

INSERT INTO `lineas` (`id`, `slug`, `status`, `featured`, `category_id`, `created_at`, `updated_at`) VALUES
(1, 'filler-color', 1, 0, 1, '2022-04-18 02:16:41', '2022-04-18 02:16:41'),
(2, 'color-complements', 1, 0, 1, '2022-04-18 02:27:06', '2022-04-18 02:27:06'),
(3, 'pro-luminous', 1, 0, 2, '2022-04-18 02:37:40', '2022-04-18 02:37:40'),
(4, 'pro-nutritive', 1, 0, 2, '2022-04-18 02:48:50', '2022-04-18 02:48:50'),
(5, 'pro-repair', 1, 0, 2, '2022-04-18 02:55:05', '2022-04-18 02:55:05'),
(6, 'pro-filler', 1, 0, 2, '2022-04-18 02:59:42', '2022-04-18 02:59:42'),
(7, 'post-liss', 1, 0, 2, '2022-04-18 03:13:36', '2022-04-18 03:13:36'),
(8, 'pro-balance', 1, 0, 2, '2022-04-18 03:24:20', '2022-04-18 03:24:20'),
(9, 'pro-clean-soft', 1, 0, 2, '2022-04-18 03:30:38', '2022-04-18 03:30:38'),
(10, 'finishing-fixing', 1, 0, 3, '2022-04-18 03:36:47', '2022-04-18 03:36:47'),
(11, 'pro-resist', 1, 0, 4, '2022-04-18 03:40:34', '2022-04-18 03:40:34'),
(12, 'salon-treatment', 1, 0, 4, '2022-04-18 03:51:07', '2022-04-18 03:51:07');




INSERT INTO `linea_translations` (`id`, `linea_id`, `name`, `short_name`, `description`, `locale`) VALUES
(1, 1, 'FILLER COLOR', NULL, 'Revolución del color formulada con su exclusiva tecnología HYALURON COMPLEX, brinda juventud, vida y COBERTURA ABOSLUTA de color a cada hebra capilar.\nCabello mas sano, fuerte, brilloso, hidratado, rejuvenecido y con un color vibrante por mucho mas tiempo.', 'es'),
(2, 1, 'FILLER COLOR', NULL, 'Color revolution formulated with its exclusive HYALURON COMPLEX technology, provides youth, life and ABSOLUTE COVERAGE of color to each hair strand.\nHealthier, stronger, shiny, hydrated, rejuvenated hair with a vibrant color for much longer.', 'en'),
(3, 2, 'COLOR COMPLEMENTS', NULL, 'xxx', 'es'),
(4, 2, 'COLOR COMPLEMENTS', NULL, 'xxx', 'en'),
(5, 3, 'PRO LUMINOUS', NULL, 'Sistema innovador desarrollado con tecnología LUMINOUS SYSTEM, que tiene como objetivo principal devolver BRILLO RADIANTE y VITALIDAD al cabello opaco y sin vida.', 'es'),
(6, 3, 'PRO LUMINOUS', NULL, 'Innovative system developed with LUMINOUS SYSTEM technology, whose main objective is to restore RADIANT SHINE and VITALITY to dull and lifeless hair.', 'en'),
(7, 4, 'PRO NUTRITIVE', NULL, 'Sistema innovador desarrollado con tecnología HYDRO ADVANCE SYSTEM, que tiene como objetivo principal devolver HIDRATACIÓN Y NUTRICIÓN al cabello reseco y deshidratado.', 'es'),
(8, 4, 'PRO NUTRITIVE', NULL, 'Innovative system developed with HYDRO ADVANCE SYSTEM technology, whose main objective is to restore HYDRATION AND NUTRITION to dry and dehydrated hair.', 'en'),
(9, 5, 'PRO REPAIR', NULL, 'Sistema innovador desarrollado con tecnología  REPARAGE SYSTEM , que tiene como objetivo principal REPARAR Y RESTAURAR la estructura capilar del cabello dañado.', 'es'),
(10, 5, 'PRO REPAIR', NULL, 'Innovative system developed with REPARAGE SYSTEM technology, whose main objective is to REPAIR AND RESTORE the capillary structure of damaged hair.', 'en'),
(11, 6, 'PRO FILLER', NULL, 'Desarrollada con tecnología HYALURON COMPLEX, basada en ÁCIDO HIALURÓNICO, que produce un efecto densificador y reparador inmediato, capaz de rellenar la fibra capilar desde el interior, fortaleciendo su estructura y sellando las cutículas.', 'es'),
(12, 6, 'PRO FILLER', NULL, 'Developed with HYALURON COMPLEX technology, based on HYALURONIC ACID, which produces an immediate densifying and repairing effect, capable of filling the hair fiber from the inside, strengthening its structure and sealing the cuticles.', 'en'),
(13, 7, 'POST LISS', NULL, 'INNOVADORA tecnología que mezcla los aminoácidos y los fragmenta en pequeñas moléculas, direccionándolas específicamente en cada parte del cabello DAÑADO de acuerdo a su necesidad.\n\nSofisticada gama de productos para cabellos ALISADOS, formulada con la tecnología HYDROACID COMPLEX, un sistema de 4 pasos que incluye la concentración más alta de aminoácidos.', 'es'),
(14, 7, 'POST LISS', NULL, 'INNOVATIVE technology that mixes amino acids and fragments them into small molecules, directing them specifically to each part of the DAMAGED hair according to its needs.\n\nSophisticated range of products for SMOOTHED hair, formulated with HYDROACID COMPLEX technology, a 4-step system that includes the highest concentration of amino acids.', 'en'),
(15, 8, 'PRO BALANCE', NULL, 'Exclusiva formula con pigmentos puros azules, con gran poder de matización y neutralización de los cabellos platinados.', 'es'),
(16, 8, 'PRO BALANCE', NULL, 'Exclusive formula with pure blue pigments, with great power of nuance and neutralization of platinum hair.', 'en'),
(17, 9, 'PRO CLEAN & SOFT', NULL, 'Formula especializada y exclusiva para uso en salones de belleza. Prepara y equilibra la hebra capilar ante los procesos químicos pre y post.', 'es'),
(18, 9, 'PRO CLEAN & SOFT', NULL, 'Specialized and exclusive formula for use in beauty salons. Prepares and balances the hair strand before the pre and post chemical processes.', 'en'),
(19, 10, 'FINISHING & FIXING', NULL, 'Formulas de alto desempeño para un optimo acabado del peinado, dando como resultado un cabello con flexibilidad, docilidad, durabilidad, sellado de puntas y protección de rayos solares y agentes externos.', 'es'),
(20, 10, 'FINISHING & FIXING', NULL, 'High-performance formulas for an optimal hairstyle finish, resulting in hair with flexibility, docility, durability, sealing of ends and protection from sunlight and external agents.', 'en'),
(21, 11, 'PRO RESIST', NULL, 'Formulas con gran poder de reparación y regeneración ante los daños extremos, causado por los procesos mecánicos, químicos y/o  ambientales.', 'es'),
(22, 11, 'PRO RESIST', NULL, 'Formulas with great repair and regeneration power against extreme damage caused by mechanical, chemical and/or environmental processes.', 'en'),
(23, 12, 'SALON TREATMENT', NULL, 'Líneas de tratamiento de alto impacto formuladas con Nanotecnología, que permite a los ingredientes naturales de la formulación actúen en lo más profundo de la hebra capilar, logrando así un efecto más potente en cuanto a la regeneración, reparación, nutrición e hidratación de la hebra capilar dañada.', 'es'),
(24, 12, 'SALON TREATMENT', NULL, 'High-impact treatment lines formulated with Nanotechnology, which allows the natural ingredients of the formulation to act in the depths of the hair strand, thus achieving a more powerful effect in terms of regeneration, repair, nutrition and hydration of the hair strand. damaged.', 'en');



INSERT INTO `products` (`id`, `slug`, `status`, `linea_id`, `created_at`, `updated_at`) VALUES
(1, 'filler-color', 1, 1, '2022-04-18 02:24:02', '2022-04-18 02:24:02'),
(2, 'developer-cream-10-20-30-vol', 1, 2, '2022-04-18 02:32:42', '2022-04-18 02:32:42'),
(3, 'deco-extreme', 1, 2, '2022-04-18 02:36:05', '2022-04-18 02:36:05'),
(4, 'shampoo', 1, 3, '2022-04-18 02:44:09', '2022-04-18 02:44:09'),
(5, 'conditioner', 1, 3, '2022-04-18 02:46:08', '2022-04-18 02:46:08'),
(6, 'treatment-mask', 1, 3, '2022-04-18 02:48:00', '2022-04-18 02:48:00'),
(7, 'shampoo-2', 1, 4, '2022-04-18 02:51:53', '2022-04-18 02:51:53'),
(8, 'conditioner-2', 1, 4, '2022-04-18 02:52:59', '2022-04-18 02:52:59'),
(9, 'treatment-mask-2', 1, 4, '2022-04-18 02:53:43', '2022-04-18 02:53:43'),
(10, 'shampoo-3', 1, 5, '2022-04-18 02:57:15', '2022-04-18 02:57:15'),
(11, 'conditioner-3', 1, 5, '2022-04-18 02:58:10', '2022-04-18 02:58:10'),
(12, 'treatment-mask-3', 1, 5, '2022-04-18 02:58:54', '2022-04-18 02:58:54'),
(13, 'rejuvenating-shampoo', 1, 6, '2022-04-18 03:04:06', '2022-04-18 03:04:06'),
(14, 'rejuvenating-conditioner', 1, 6, '2022-04-18 03:05:10', '2022-04-18 03:05:10'),
(15, 'rejuvenating-hair-mask', 1, 6, '2022-04-18 03:05:56', '2022-04-18 03:05:56'),
(16, 'rejuvenating-thermoprotector', 1, 6, '2022-04-18 03:07:02', '2022-04-18 03:07:02'),
(17, 'rejuvenating-detangling', 1, 6, '2022-04-18 03:07:45', '2022-04-18 03:07:45'),
(18, 'rejuvenating-hair-sereum', 1, 6, '2022-04-18 03:12:07', '2022-04-18 03:12:07'),
(19, 'smoothing-conditioner-post-alisado', 1, 7, '2022-04-18 03:20:16', '2022-04-18 03:20:16'),
(20, 'smoothing-shampoo-post-alisado', 1, 7, '2022-04-18 03:21:16', '2022-04-18 03:21:16'),
(21, 'smoothing-mask-post-alisado', 1, 7, '2022-04-18 03:21:54', '2022-04-18 03:21:54'),
(22, 'smoothing-thermo-protector-post-alisado', 1, 7, '2022-04-18 03:22:43', '2022-04-18 03:22:43'),
(23, 'smoothing-serum-post-alisado', 1, 7, '2022-04-18 03:23:35', '2022-04-18 03:23:35'),
(24, 'silver-shampoo', 1, 8, '2022-04-18 03:29:17', '2022-04-18 03:29:17'),
(25, 'silver-mask', 1, 8, '2022-04-18 03:29:59', '2022-04-18 03:29:59'),
(26, 'nutri-clean-shampoo', 1, 9, '2022-04-18 03:34:59', '2022-04-18 03:34:59'),
(27, 'nutri-soft-conditioner', 1, 9, '2022-04-18 03:35:51', '2022-04-18 03:35:51'),
(28, 'kerastyling-cream', 1, 10, '2022-04-18 03:39:08', '2022-04-18 03:39:08'),
(29, 'shiny-drops', 1, 10, '2022-04-18 03:39:46', '2022-04-18 03:39:46'),
(30, 'intensive-keratin-treatment', 1, 11, '2022-04-18 03:42:32', '2022-04-18 03:42:32'),
(31, 'shock-hidratacion-profunda', 1, 11, '2022-04-18 03:44:20', '2022-04-18 03:44:20'),
(32, 'shock-nutrucion-profunfa', 1, 11, '2022-04-18 03:45:42', '2022-04-18 03:45:42'),
(33, 'shock-reparacion-intensa', 1, 11, '2022-04-18 03:46:47', '2022-04-18 03:46:47'),
(34, 'shock-proteccion-color', 1, 11, '2022-04-18 03:48:19', '2022-04-18 03:48:19'),
(35, 'shock-control-caida', 1, 11, '2022-04-18 03:50:06', '2022-04-18 03:50:06'),
(36, 'bb-tox-pro-treatment', 1, 12, '2022-04-18 03:53:27', '2022-04-18 03:53:27'),
(37, 'bb-tox-pro-treatment-blue', 1, 12, '2022-04-18 03:55:34', '2022-04-18 03:55:34'),
(38, 'sealer-balm-blue', 1, 12, '2022-04-18 03:57:29', '2022-04-18 03:57:29');


INSERT INTO `products_image` (`id`, `url`, `name`, `status`, `product_id`, `created_at`, `updated_at`) VALUES
(88, 'http://127.0.0.1:8000/web/images/products/261651511485.png', '261651511485.png', 1, 11, NULL, NULL),
(87, 'http://127.0.0.1:8000/web/images/products/751651511481.png', '751651511481.png', 1, 11, NULL, NULL),
(86, 'http://127.0.0.1:8000/web/images/products/761651511469.png', '761651511469.png', 1, 12, NULL, NULL),
(85, 'http://127.0.0.1:8000/web/images/products/601651511465.png', '601651511465.png', 1, 12, NULL, NULL),
(84, 'http://127.0.0.1:8000/web/images/products/231651510675.png', '231651510675.png', 1, 13, NULL, NULL),
(83, 'http://127.0.0.1:8000/web/images/products/291651510668.png', '291651510668.png', 1, 13, NULL, NULL),
(82, 'http://127.0.0.1:8000/web/images/products/801651510642.png', '801651510642.png', 1, 14, NULL, NULL),
(81, 'http://127.0.0.1:8000/web/images/products/41651510638.png', '41651510638.png', 1, 14, NULL, NULL),
(80, 'http://127.0.0.1:8000/web/images/products/31651510624.png', '31651510624.png', 1, 15, NULL, NULL),
(78, 'http://127.0.0.1:8000/web/images/products/01651510529.png', '01651510529.png', 1, 16, NULL, NULL),
(77, 'http://127.0.0.1:8000/web/images/products/971651510525.png', '971651510525.png', 1, 16, NULL, NULL),
(76, 'http://127.0.0.1:8000/web/images/products/61651510507.png', '61651510507.png', 1, 17, NULL, NULL),
(75, 'http://127.0.0.1:8000/web/images/products/841651510462.png', '841651510462.png', 1, 18, NULL, NULL),
(74, 'http://127.0.0.1:8000/web/images/products/431651510456.png', '431651510456.png', 1, 18, NULL, NULL),
(73, 'http://127.0.0.1:8000/web/images/products/831651510096.png', '831651510096.png', 1, 24, NULL, NULL),
(72, 'http://127.0.0.1:8000/web/images/products/521651510091.png', '521651510091.png', 1, 24, NULL, NULL),
(71, 'http://127.0.0.1:8000/web/images/products/171651510079.png', '171651510079.png', 1, 25, NULL, NULL),
(70, 'http://127.0.0.1:8000/web/images/products/31651510074.png', '31651510074.png', 1, 25, NULL, NULL),
(69, 'http://127.0.0.1:8000/web/images/products/461651509738.png', '461651509738.png', 1, 26, NULL, NULL),
(68, 'http://127.0.0.1:8000/web/images/products/831651509726.png', '831651509726.png', 1, 27, NULL, NULL),
(67, 'http://127.0.0.1:8000/web/images/products/301651509486.png', '301651509486.png', 1, 28, NULL, NULL),
(66, 'http://127.0.0.1:8000/web/images/products/31651509229.png', '31651509229.png', 1, 29, NULL, NULL),
(65, 'http://127.0.0.1:8000/web/images/products/651651509226.png', '651651509226.png', 1, 29, NULL, NULL),
(64, 'http://127.0.0.1:8000/web/images/products/381651508955.png', '381651508955.png', 1, 30, NULL, NULL),
(63, 'http://127.0.0.1:8000/web/images/products/991651508067.png', '991651508067.png', 1, 31, NULL, NULL),
(62, 'http://127.0.0.1:8000/web/images/products/831651508063.png', '831651508063.png', 1, 31, NULL, NULL),
(61, 'http://127.0.0.1:8000/web/images/products/811651508052.png', '811651508052.png', 1, 32, NULL, NULL),
(60, 'http://127.0.0.1:8000/web/images/products/571651508048.png', '571651508048.png', 1, 32, NULL, NULL),
(59, 'http://127.0.0.1:8000/web/images/products/521651508029.png', '521651508029.png', 1, 33, NULL, NULL),
(58, 'http://127.0.0.1:8000/web/images/products/911651508025.png', '911651508025.png', 1, 33, NULL, NULL),
(56, 'http://127.0.0.1:8000/web/images/products/91651508004.png', '91651508004.png', 1, 34, NULL, NULL),
(57, 'http://127.0.0.1:8000/web/images/products/551651508008.png', '551651508008.png', 1, 34, NULL, NULL),
(54, 'http://127.0.0.1:8000/web/images/products/831651507985.png', '831651507985.png', 1, 35, NULL, NULL),
(55, 'http://127.0.0.1:8000/web/images/products/511651507990.png', '511651507990.png', 1, 35, NULL, NULL),
(53, 'http://127.0.0.1:8000/web/images/products/421651507440.png', '421651507440.png', 1, 36, NULL, NULL),
(52, 'http://127.0.0.1:8000/web/images/products/601651507430.png', '601651507430.png', 1, 37, NULL, NULL),
(51, 'http://127.0.0.1:8000/web/images/products/131651506706.png', '131651506706.png', 1, 38, NULL, NULL),
(89, 'http://127.0.0.1:8000/web/images/products/761651511494.png', '761651511494.png', 1, 10, NULL, NULL),
(90, 'http://127.0.0.1:8000/web/images/products/361651511505.png', '361651511505.png', 1, 10, NULL, NULL),
(91, 'http://127.0.0.1:8000/web/images/products/191651511876.png', '191651511876.png', 1, 9, NULL, NULL),
(92, 'http://127.0.0.1:8000/web/images/products/781651511879.png', '781651511879.png', 1, 9, NULL, NULL),
(93, 'http://127.0.0.1:8000/web/images/products/321651511889.png', '321651511889.png', 1, 8, NULL, NULL),
(94, 'http://127.0.0.1:8000/web/images/products/991651511892.png', '991651511892.png', 1, 8, NULL, NULL),
(95, 'http://127.0.0.1:8000/web/images/products/631651511900.png', '631651511900.png', 1, 7, NULL, NULL),
(96, 'http://127.0.0.1:8000/web/images/products/91651511904.png', '91651511904.png', 1, 7, NULL, NULL),
(97, 'http://127.0.0.1:8000/web/images/products/861651512252.png', '861651512252.png', 1, 5, NULL, NULL),
(98, 'http://127.0.0.1:8000/web/images/products/641651512256.png', '641651512256.png', 1, 5, NULL, NULL),
(99, 'http://127.0.0.1:8000/web/images/products/41651512269.png', '41651512269.png', 1, 4, NULL, NULL),
(100, 'http://127.0.0.1:8000/web/images/products/831651512272.png', '831651512272.png', 1, 4, NULL, NULL),
(101, 'http://127.0.0.1:8000/web/images/products/701651512303.png', '701651512303.png', 1, 6, NULL, NULL),
(102, 'http://127.0.0.1:8000/web/images/products/681651512313.png', '681651512313.png', 1, 6, NULL, NULL),
(103, 'http://127.0.0.1:8000/web/images/products/101651512627.png', '101651512627.png', 1, 3, NULL, NULL),
(104, 'http://127.0.0.1:8000/web/images/products/371651512639.png', '371651512639.png', 1, 2, NULL, NULL),
(105, 'http://127.0.0.1:8000/web/images/products/721651512642.png', '721651512642.png', 1, 2, NULL, NULL),
(106, 'http://127.0.0.1:8000/web/images/products/171651512645.png', '171651512645.png', 1, 2, NULL, NULL),
(107, 'http://127.0.0.1:8000/web/images/products/881651512921.png', '881651512921.png', 1, 1, NULL, NULL),
(108, 'http://127.0.0.1:8000/web/images/products/411651512924.png', '411651512924.png', 1, 1, NULL, NULL),
(109, 'http://127.0.0.1:8000/web/images/products/61651512928.png', '61651512928.png', 1, 1, NULL, NULL);


INSERT INTO `product_translations` (`id`, `product_id`, `name`, `description`, `locale`) VALUES
(1, 1, 'FILLER COLOR', 'RADIANT FILLER COLOR es la nueva revolución de color para cabellos maltratados, débiles y deteriorados por constantes tratamientos químicos. Su exclusiva tecnología HYALURON COMPLEX, basada en ÁCIDO HIALURÓNICO, brinda una cobertura absoluta de color, aportando juventud y vida a cada hebra capilar. 	\r\n\r\nGama de 61 tonos entre matizadores, caobas y rojos y demás colores.\r\n\r\nMODO DE USO: Mezclar el contenido del tubo FILLER COLOR RADIANT con 150 mL/5.07 fl. Oz de crema reveladora. Cubrir el cabello de raíz a puntas para lograr un acabado uniforme o utilizar la técnica que desee. Tiempo de exposición recomendada: de 20 a 40 minutos. Siempre cubrir a la persona con una capa profesional para evitar que se manche la piel y la vestimenta. 	\r\n\r\nMATIZADOR AZUL: Para desaparecer tonos rojos y anaranjados utilice de 4 a 6 centímetros de Matizador Azul por un tubo de tinte FILLER COLOR Radiant. Esto logrará amarronar el tono con reflejos cenizos. Nota: Recomendado para neutralizar tonalidades caobas, cobres y rojos. \r\n\r\nMATIZADOR MATE: Para lograr reflejos verdosos utilice de 6 a 8 centímetros de Matizador Mate por un tubo de tinte FILLER COLOR Radiant. Para intensificar el reflejo cenizo utilice de 4 a 5 centímetros de Matizador Mate por un tubo de tinte color Cenizo, pruébalo con la variedad de tonos cenizos. \r\n\r\nMATIZADOR GRIS PLATA: Para acompañar los tonos dorados, cenizos y beige, utilice de 4 a 5 centímetros por un tubo de tinte FILLER COLOR Radiant. \r\n\r\nINGREDIENTES: WATER (AQUA), AMMONIA, ETHANOLAMINE, ACRYLATES/C10-30 ALKYL ACRYLATE CROSSPOLYMER, GLYCERYL STEARATE SE, LECITHIN, OLEIC ACID, CETYL ALCOHOL, STEARYL ALCOHOL, PARAFFINUM LIQUIDUM, STEARETH-20, STEARETH-2, PENTASODIUM PENTETATE, BEHENTRIMONIUM CHLORIDE, BIS-HYDROXY/METHOXY AMODIMETHICONE, FRAGRANCE (PARFUM), BUTOXYETHANOL, SODIUM ERYTHORBATE, SODIUM METABISULFITE, HYDROLYZED HYALURONIC ACID, RESORCINOL, P-PHENYLENEDIAMINE, M-AMINOPHENOL, P-METHYLAMINOPHENOL SULFATE, TOLUENE-2,5-DIAMINE SULFATE, 2,4-DIAMINOPHENOXYETHANOL HCL, 4-AMINO-2-HYDROXYTOLUENE, 2-METHYLRESORCINOL, 2-METHYL-5-HYDROXYETHYLAMINOPHENOL, N,N-BIS(2-	HYDROXYETHYL)-P-PHENYLENEDIAMINE SULFATE, 2-AMINO-3-HYDROXYPYRIDINE, 5-AMINO-6-CHLORO-O-CRESOL, P-AMINOPHENOL HCL.\r\n\r\nPRESENTACIÓN: Tubo x 100ml.', 'es'),
(2, 1, 'FILLER COLOR', 'RADIANT FILLER COLOR is the new color revolution for hair that is damaged, weak and damaged by constant chemical treatments. Its exclusive HYALURON COMPLEX technology, based on HYALURONIC ACID, provides absolute color coverage, bringing youth and life to each hair strand.\r\n\r\nRange of 61 tones between nuances, mahogany and reds and other colors.\r\n\r\nINSTRUCTIONS FOR USE: Mix the contents of the FILLER COLOR RADIANT tube with 150 mL/5.07 fl. Oz of revealing cream. Cover hair from roots to ends for a smooth finish or use any technique of your choice. Recommended exposure time: 20 to 40 minutes. Always cover the person with a professional cape to avoid staining the skin and clothing.\r\n\r\nBLUE TONER: To fade red and orange tones, use 4 to 6 centimeters of Blue Toner per tube of FILLER COLOR Radiant dye. This will make the tone brown with ash reflections. Note: Recommended to neutralize mahogany, copper and red tones.\r\n\r\nMATTE TONING: To achieve greenish reflections, use 6 to 8 centimeters of Matte Toning for a tube of FILLER COLOR Radiant dye. To intensify the ash reflection, use 4 to 5 centimeters of Matizador Matizador for a tube of Ash color dye, try it with the variety of ash tones.\r\n\r\nSILVER GRAY TINTER: To accompany golden, ash and beige tones, use 4 to 5 centimeters per tube of FILLER COLOR Radiant dye.\r\n\r\nINGREDIENTS: WATER (AQUA), AMMONIA, ETHANOLAMINE, ACRYLATES/C10-30 ALKYL ACRYLATE CROSSPOLYMER, GLYCERYL STEARATE SE, LECITHIN, OLEIC ACID, CETYL ALCOHOL, STEARYL ALCOHOL, PARAFFINUM LIQUIDUM, STEARETH-20, STEARETH-2, PENTASODIUM PENTETATE, BEHENTRIMONIUM CHLORIDE, BIS-HYDROXY/METHOXY AMODIMETHICONE, FRAGRANCE (PARFUM), BUTOXYETHANOL, SODIUM ERYTHORBATE, SODIUM METABISULFITE, HYDROLYZED HYALURONIC ACID, RESORCINOL, P-PHENYLENEDIAMINE, M-AMINOPHENOL, P-METHYLAMINOPHENOL SULFATE, TOLUENE-2,5-DIAMINE SULFATE, 2,4-DIAMINOPHENOXYETHANOL HCL, 4-AMINO-2-HYDROXYTOLUENE, 2-METHYLRESORCINOL, 2-METHYL-5-HYDROXYETHYLAMINOPHENOL, N,N-BIS(2- HYDROXYETHYL)-P-PHENYLENEDIAMINE SULFATE, 2-AMINO-3-HYDROXYPYRIDINE , 5-AMINO-6-CHLORO-O-CRESOL, P-AMINOPHENOL HCL.\r\n\r\nPRESENTATION: Tube x 100ml.', 'en'),
(3, 2, 'DEVELOPER CREAM 10 – 20 – 30 VOL', 'Developer Cream es un producto diseñado para ser utilizado en la mezcla de Radiant Coloración en Crema. Su formulación consistente permite que se logre una mezcla más homogénea, otorgando un mayor volumen y rendimiento.\r\n\r\nMODO DE USO: Aplicar la cantidad necesaria de Developer Cream para la perfecta homogenización del tinte.\r\n\r\nINGREDIENTES:AQUA, CETEARYL ALCOHOL AND CETEARETH-20, PHOSPHORIC ACID, PENTASODIUM PENTETATE, SODIUM STANNATE, HYDROGEN PEROXIDE, TETRASODIUM PYROPHOSPHATE.\r\n\r\nPRESENTACIÓN: Frasco x 1Lt.', 'es'),
(4, 2, 'DEVELOPER CREAM 10 – 20 – 30 VOL', 'Developer Cream is a product designed to be used in the mixture of Radiant Coloration Cream. Its consistent formulation allows a more homogeneous mix to be achieved, providing greater volume and performance.\r\n\r\nINSTRUCTIONS FOR USE: Apply the necessary amount of Developer Cream for the perfect homogenization of the dye.\r\n\r\nINGREDIENTS: AQUA, CETEARYL ALCOHOL AND CETEARETH-20, PHOSPHORIC ACID, PENTASODIUM PENTETATE, SODIUM STANNATE, HYDROGEN PEROXIDE, TETRASODIUM PYROPHOSPHATE.\r\n\r\nPRESENTATION: Bottle x 1Lt.', 'en'),
(5, 3, 'DECO EXTREME', 'Polvo decolorante azul de rápido poder de aclaración, desarrollado con ingredientes acondicionantes que respetan la queratina natural del cabello. Para todo tipo de cabello. Permite obtener tonalidades rubias y platinadas. DUST FREE SYSTEM, Sistema \"libre de polvo\" evita que el polvo se inhale al preparar la mezcla, protegiendo su salud y la del medio ambiente. Recomendado para cabellos oscuros, gruesos y con cuerpo.\r\n\r\nMODO DE USO: \r\nMezclar en la medida de 1+3. Polvo decolorante (1 parte en gramos) con el activador de color (3 partes en gramos) elegido en base a la aclaración deseada. Mezclar en modo homogéneo y aplicar en los cabellos que se desean aclarar.\r\n• Para 2/3 tonos de aclaración utilizar un activador de 20 Volúmenes.\r\n• Para 4/5 tonos de aclaración utilizar un activador de 30 Volúmenes.\r\n• Para 6/7 tonos de aclaración utilizar un activador de 40 Volúmenes.\r\nTiempo de aplicación máximo: 45 min.\r\n\r\nINGREDIENTES: AMMONIUM PERSULFATE, POTASSIUM PERSULFATE, SODIUM SILICATE, CELLULOSE GUM, SODIUM METASILICATE, TETRASODIUM EDTA, PARAFFINUM LIQUIDUM (MINERAL OIL), HYDRATED SILICA, CARBOMER, ORYZA SATIVA (RICE) STARCH, MAGNESIUM CARBONATE, SODIUM STEARATE, SODIUM LAURYL SULFATE, CI 77007 (ULTRAMARINE BLUE).\r\n\r\nPRESENTACIÓN: Pote x 500gr.', 'es'),
(6, 3, 'DECO EXTREME', 'Blue bleaching powder with rapid lightening power, developed with conditioning ingredients that respect the natural keratin of the hair. For all types of hair. It allows to obtain blonde and platinum shades. DUST FREE SYSTEM, \"Dust free\" system prevents dust from being inhaled when preparing the mixture, protecting your health and that of the environment. Recommended for dark, thick and full-bodied hair.\r\n\r\nMODE OF USE:\r\nMix to the extent of 1+3. Bleaching powder (1 part in grams) with the color activator (3 parts in grams) chosen based on the desired lightening. Mix homogeneously and apply to the hair to be lightened.\r\n• For 2/3 shades of lightening, use a 20 Volume activator.\r\n• For 4/5 shades of lightening, use a 30 Volume activator.\r\n• For 6/7 lightening shades, use a 40 Volume activator.\r\nMaximum application time: 45 min.\r\n\r\nINGREDIENTS: AMMONIUM PERSULFATE, POTASSIUM PERSULFATE, SODIUM SILICATE, CELLULOSE GUM, SODIUM METASILICATE, TETRASODIUM EDTA, PARAFFINUM LIQUIDUM (MINERAL OIL), HYDRATED SILICA, CARBOMER, ORYZA SATIVA (RICE) STARCH, MAGNESIUM CARBONATE, SODIUM STEARATE, SODIUM LAURYL SULFATE, CI 77007 (ULTRAMARINE BLUE).\r\n\r\nPRESENTATION: Pot x 500gr.', 'en'),
(7, 4, 'SHAMPOO', 'Shampoo profesional, LIBRE DE SAL Y PARABENOS, desarrollado con tecnología LUMINOUS SYSTEM, un sistema compuesto por una matriz amino estructural de la keratina, que contiene en su composición proteínas y aminoácidos como cisteína, acido glutámico y serina. Responsables de brindar protección al cabello frente a daños externos. Brinda limpieza, da suavidad, vitalidad y brillo al cabello opaco sin vida.\r\n\r\nMODO DE USO: Aplicar sobre cabello húmedo, masajear suavemente hasta obtener espuma, luego enjuagar con abundante agua. Para mejores resultados utilice los demás productos de la misma línea.\r\n\r\nINGREDIENTES: WATER (AQUA), SODIUM LAURETH SULFATE, SODIUM C14-16 OLEFIN SULFONATE, COCAMIDOPROPYL BETAINE, GLYCOL DISTEARATE, COCAMIDE MIPA, FRAGRANCE (PARFUM), DIMETHICONOL, GUAR HYDROXYPROPYLTRIMONIUM CHLORIDE, BENZYL ALCOHOL, HYDROLYZED KERATIN, TETRASODIUM EDTA, HYDROLYZED RICE PROTEIN, TEA-DODECYLBENZENESULFONATE, CITRIC ACID, POLYQUATERNIUM-10, PEG-90M, CARBOCYSTEINE, SERINE, GLUTAMIC ACID, BENZYL SALICYLATE, HEXYL CINNAMAL, METHYLCHLOROISOTHIAZOLINONE, METHYLISOTHIAZOLINONE.\r\n\r\nPRESENTACIÓN: Frasco x 300ml / 1Lt.', 'es'),
(8, 4, 'SHAMPOO', 'Professional shampoo, FREE OF SALT AND PARABENS, developed with LUMINOUS SYSTEM technology, a system composed of a structural amino matrix of keratin, which contains proteins and amino acids such as cysteine, glutamic acid and serine. Responsible for providing hair protection against external damage. Provides cleanliness, gives softness, vitality and shine to dull lifeless hair.\r\n\r\nINSTRUCTIONS FOR USE: Apply to damp hair, massage gently until foam is obtained, then rinse with plenty of water. For best results use the other products of the same line.\r\n\r\nINGREDIENTS: WATER (AQUA), SODIUM LAURETH SULFATE, SODIUM C14-16 OLEFIN SULFONATE, COCAMIDOPROPYL BETAINE, GLYCOL DISTEARATE, COCAMIDE MIPA, FRAGRANCE (PARFUM), DIMETHICONOL, GUAR HYDROXYPROPYLTRIMONIUM CHLORIDE, BENZYL ALCOHOL, HYDROLYZED KERATIN, TETRASODIUM PROHYTEINZ R, , TEA-DODECYLBENZENESULFONATE, CITRIC ACID, POLYQUATERNIUM-10, PEG-90M, CARBOCYSTEINE, SERINE, GLUTAMIC ACID, BENZYL SALICYLATE, HEXYL CINNAMAL, METHYLCHLOROISOTHIAZOLINONE, METHYLISOTHIAZOLINONE.\r\n\r\nPRESENTATION: Bottle x 300ml / 1Lt.', 'en'),
(9, 5, 'CONDITIONER', 'Acondicionador profesional, LIBRE DE SAL Y PARABENOS, desarrollado con tecnología LUMINOUS SYSTEM, un sistema compuesto por una matriz amino estructural de la keratina, que contiene en su composición proteínas y aminoácidos como cisteína, acido glutámico y serina. Responsable del aumento del diámetro de la fibra capilar envejecida y la reparación de los daños internos existentes. Acondiciona, da suavidad, vitalidad y brillo al cabello opaco sin vida. \r\n\r\nMODO DE USO:\r\nAplicar sobre cabello húmedo, luego del lavado con shampoo, esparciéndolo de medios a puntas. Dejar actuar de 3 a 5 minutos y luego enjuagar con abundante agua tibia.\r\n\r\nINGREDIENTES: WATER (AQUA), GLYCERIN, BEHENTRIMONIUM CHLORIDE, CETEARYL ALCOHOL, DIMETHICONE, STEARYL ALCOHOL, CETYL ESTERS, CETYL ALCOHOL, FRAGRANCE(PARFUM), BENZYL ALCOHOL, PCA DIMETHICONE, DISODIUM EDTA, HYDROLYZED KERATIN, HYDROLYZED RICE PROTEIN, BUTYLENE GLYCOL, POLYQUATERNIUM-10, PEG-90M, CARBOCYSTEINE, SERINE, GLUTAMIC ACID, CITRIC ACID, POLYSORBATE 20, METHYLCHLOROISOTHIAZOLINONE, METHYLISOTHIAZOLINONE, BENZYL SALICYLATE, HEXYL CINNAMAL, ALPHA-ISOMETHYL IONONE.\r\n\r\nPRESENTACIÓN: Frasco x 300ml / 1Lt.', 'es'),
(10, 5, 'CONDITIONER', 'Professional conditioner, FREE OF SALT AND PARABENS, developed with LUMINOUS SYSTEM technology, a system made up of a structural amino matrix of keratin, which contains proteins and amino acids such as cysteine, glutamic acid and serine. Responsible for increasing the diameter of the aged hair fiber and repairing existing internal damage. Conditions, gives softness, vitality and shine to dull lifeless hair.\r\n\r\nMODE OF USE:\r\nApply to damp hair, after shampooing, spreading from mid-lengths to ends. Leave on for 3 to 5 minutes and then rinse with plenty of warm water.\r\n\r\nINGREDIENTS: WATER (AQUA), GLYCERIN, BEHENTRIMONIUM CHLORIDE, CETEARYL ALCOHOL, DIMETHICONE, STEARYL ALCOHOL, CETYL ESTERS, CETYL ALCOHOL, FRAGRANCE(PARFUM), BENZYL ALCOHOL, PCA DIMETHICONE, DISODIUM EDTA, HYDROLYZED KERATIN, HYDROLYZED RICE PROTEIN, BUTYLENE POLYQUATERNIUM-10, PEG-90M, CARBOCYSTEINE, SERINE, GLUTAMIC ACID, CITRIC ACID, POLYSORBATE 20, METHYLCHLOROISOTHIAZOLINONE, METHYLISOTHIAZOLINONE, BENZYL SALICYLATE, HEXYL CINNAMAL, ALPHA-ISOMETHYL IONONE.\r\n\r\nPRESENTATION: Bottle x 300ml / 1Lt.', 'en'),
(11, 6, 'TREATMENT MASK', 'Mascarilla intensiva profesional, LIBRE DE SAL Y PARABENOS, desarrollado con tecnología LUMINOUS SYSTEM. Fórmula de estructura cremosa que actúa en la cutícula abierta y porosa. Sella cutícula, aporta docilidad, suavidad, vitalidad y brillo al cabello opaco sin vida. \r\n\r\nMODO DE USO: Luego de lavar el cabello con el shampoo. Aplique la mascarilla sobre el cabello húmedo y limpio de medios a puntas. Dejar actuar de 3 a 5 minutos. Para cabellos extremadamente dañados, dejar actuar por 15 min. Luego enjuague bien con abundante agua tibia. Úselo 1 ó 2 veces por semana. \r\n\r\nINGREDIENTES: WATER (AQUA), CETYL ALCOHOL, BEHENTRIMONIUM METHOSULFATE, GLYCERIN, STEARYL ALCOHOL, DIMETHICONOL, HYDROXYPROPYL STARCH PHOSPHATE, OCTYLDODECANOL, CETYL ESTERS, FRAGRANCE(PARFUM), BUTYLENE GLYCOL, CYCLOPENTASILOXANE, DIMETHICONE, BENZYL ALCOHOL, TEA-DODECYLBENZENESULFONATE, HYDROLYZED KERATIN, BENZYL SALICYLATE, HEXYL CINNAMAL, HYDROLYZED RICE PROTEIN, POLYQUATERNIUM-10, PEG-90M, CARBOCYSTEINE, SERINE, GLUTAMIC ACID, CITRIC ACID, METHYLCHLOROISOTHIAZOLINONE, METHYLISOTHIAZOLINONE.\r\n\r\nPRESENTACIÓN: Frasco x 300ml / 1Lt.', 'es'),
(12, 6, 'TREATMENT MASK', 'Professional intensive mask, FREE OF SALT AND PARABENS, developed with LUMINOUS SYSTEM technology. Formula with a creamy structure that acts on the open and porous cuticle. It seals the cuticle, provides manageability, softness, vitality and shine to dull lifeless hair.\r\n\r\nINSTRUCTIONS FOR USE: After washing the hair with the shampoo. Apply the mask to clean, damp hair from mid-lengths to ends. Leave to act for 3 to 5 minutes. For extremely damaged hair, leave on for 15 min. Then rinse well with plenty of warm water. Use it 1 or 2 times a week.\r\n\r\nINGREDIENTS: WATER (AQUA) CETYL ALCOHOL, BEHENTRIMONIUM methosulfate, GLYCERIN, stearyl alcohol, Dimethiconol, HYDROXYPROPYL STARCH PHOSPHATE, Octyldodecanol, CETYL ESTERS, FRAGRANCE (PARFUM), Butylene Glycol, Cyclopentasiloxane, Dimethicone BENZYL ALCOHOL, TEA-dodecylbenzenesulfonate, HYDROLYZED KERATIN , BENZYL SALICYLATE, HEXYL CINNAMAL, HYDROLYZED RICE PROTEIN, POLYQUATERNIUM-10, PEG-90M, CARBOCYSTEINE, SERINE, GLUTAMIC ACID, CITRIC ACID, METHYLCHLOROISOTHIAZOLINONE, METHYLISOTHIAZOLINONE.\r\n\r\nPRESENTATION: Bottle x 300ml / 1Lt.', 'en'),
(13, 7, 'SHAMPOO', 'Shampoo profesional, LIBRE DE SAL Y PARABENOS, desarrollado con tecnología HIDROVANCE, tecnología multifuncional para la nutrición del cabello. Brinda hidratación con un sensorial suave sin pegajosidad, penetra en la cutícula. Controla el frizz, volumen, fortifica el cabello y aporta suavidad. Tratamiento para el cabello reseco y deshidratado ocasionados por el calor de la secadora, plancha y por los rayos solares. \r\n\r\nMODO DE USO: Aplicar sobre cabello húmedo, masajear suavemente hasta obtener espuma, luego enjuagar con abundante agua. Para mejores resultados utilice los demás productos de la misma línea.\r\n\r\nINGREDIENTES: WATER (AQUA), SODIUM LAURETH SULFATE, SODIUM C14-16 OLEFIN SULFONATE, COCAMIDOPROPYL BETAINE, GLYCOL DISTEARATE, COCAMIDE MIPA, CETYL ALCOHOL, FRAGRANCE(PARFUM), DIMETHICONOL, GUAR HYDROXYPROPYLTRIMONIUM CHLORIDE, BENZYL ALCOHOL, HYDROXYETHYL UREA, TEA-DODECYLBENZENESULFONATE, TETRASODIUM EDTA, MACADAMIA TERNIFOLIA SEED OIL, CITRIC ACID, DIMETHYL LAURAMIDE/MYRISTAMIDE, BENZYL SALICYLATE, HEXYL CINNAMAL, METHYLCHLOROISOTHIAZOLINONE, METHYLISOTHIAZOLINONE.\r\n\r\nPRESENTACIÓN: Frasco x 300ml / 1Lt.', 'es'),
(14, 7, 'SHAMPOO', 'Professional shampoo, FREE OF SALT AND PARABENS, developed with HIDROVANCE technology, multifunctional technology for hair nutrition. Provides hydration with a soft sensory without stickiness, penetrates the cuticle. Controls frizz, volume, fortifies the hair and provides softness. Treatment for dry and dehydrated hair caused by the heat of the dryer, iron and by the sun\'s rays.\r\n\r\nINSTRUCTIONS FOR USE: Apply to damp hair, massage gently until foam is obtained, then rinse with plenty of water. For best results use the other products of the same line.\r\n\r\nINGREDIENTS: WATER (AQUA), SODIUM LAURETH SULFATE, SODIUM C14-16 OLEFIN SULFONATE, COCAMIDOPROPYL BETAINE, GLYCOL DISTEARATE, COCAMIDE MIPA, CETYL ALCOHOL, FRAGRANCE(PARFUM), DIMETHICONOL, GUAR HYDROXYPROPYLTRIMONIUM CHLORIDE, BENZYL ALCOHOL, HYDROXYETHYLDECENESULF UREAY, TEA-DOBENZE , TETRASODIUM EDTA, MACADAMIA TERNIFOLIA SEED OIL, CITRIC ACID, DIMETHYL LAURAMIDE/MYRISTAMIDE, BENZYL SALICYLATE, HEXYL CINNAMAL, METHYLCHLOROISOTHIAZOLINONE, METHYLISOTHIAZOLINONE.\r\n\r\nPRESENTATION: Bottle x 300ml / 1Lt.', 'en'),
(15, 8, 'CONDITIONER', 'Acondicionador profesional, LIBRE DE SAL Y PARABENOS, desarrollado con tecnología HIDROVANCE. Brinda nutrición, hidratación y acondiciona con un sensorial suave sin pegajosidad. Sella cutícula, repara la corteza y médula, controla el frizz, volumen, fortifica el cabello y aporta suavidad. Tratamiento para el cabello reseco y deshidratado, ocasionados por el calor de la secadora, plancha y por los rayos solares.\r\n\r\nMODO DE USO: Aplicar sobre cabello húmedo, luego del lavado con shampoo, esparciéndolo de medios a puntas. Dejar actuar de 3 a 5 minutos y luego enjuagar con abundante agua tibia. \r\n\r\nINGREDIENTES: WATER (AQUA), GLYCERIN, CETEARYL ALCOHOL, BEHENTRIMONIUM CHLORIDE, DIMETHICONE, STEARYL ALCOHOL, CETYL ESTERS, CETYL ALCOHOL, FRAGRANCE (PARFUM), HYDROXYETHYL UREA, PCA DIMETHICONE, BENZYL ALCOHOL, MACADAMIA TERNIFOLIA SEED OIL, DISODIUM EDTA, BUTYLENE GLYCOL, CITRIC ACID, POLYSORBATE 20, METHYLCHLOROISOTHIAZOLINONE, METHYLISOTHIAZOLINONE, HEXYL CINNAMAL, BENZYL SALICYLATE.\r\n\r\nPRESENTACIÓN: Frasco x 300ml / 1Lt.', 'es'),
(16, 8, 'CONDITIONER', 'Professional conditioner, FREE OF SALT AND PARABENS, developed with HIDROVANCE technology. Provides nutrition, hydration and conditions with a soft sensory without stickiness. Seals the cuticle, repairs the cortex and medulla, controls frizz, volume, fortifies the hair and provides softness. Treatment for dry and dehydrated hair, caused by the heat of the dryer, iron and by the sun\'s rays.\r\n\r\nINSTRUCTIONS FOR USE: Apply to damp hair, after shampooing, spreading from mid-lengths to ends. Leave on for 3 to 5 minutes and then rinse with plenty of warm water.\r\n\r\nINGREDIENTS: WATER (AQUA), GLYCERIN, CETEARYL ALCOHOL, BEHENTRIMONIUM CHLORIDE, DIMETHICONE, STEARYL ALCOHOL, CETYL ESTERS, CETYL ALCOHOL, FRAGRANCE (PARFUM), HYDROXYETHYL UREA, PCA DIMETHICONE, BENZYL ALCOHOL, MACADAMIA TERNIFOLIA SEED OIL, DISODIUM EDTA, BUTYL , CITRIC ACID, POLYSORBATE 20, METHYLCHLOROISOTHIAZOLINONE, METHYLISOTHIAZOLINONE, HEXYL CINNAMAL, BENZYL SALICYLATE.\r\n\r\nPRESENTATION: Bottle x 300ml / 1Lt.', 'en'),
(17, 9, 'TREATMENT MASK', 'Mascarilla intensiva profesional, LIBRE DE SAL Y PARABENOS, desarrollado con tecnología HYDROVANCE. Fórmula de textura cremosa, que actúa directamente en la cutícula, brinda máxima nutrición e hidratación con un sensorial suave sin pegajosidad. Sella cutícula, repara la corteza y médula, controla el frizz, volumen y fortifica el cabello. Tratamiento para el cabello reseco y deshidratado ocasionado por el calor de la secadora, plancha y por los rayos solares.\r\n\r\nMODO DE USO: Luego de lavar el cabello con el shampoo. Aplique la mascarilla sobre el cabello húmedo y limpio de medios a puntas. Dejar actuar de 3 a 5 minutos. Para cabellos extremadamente dañados, dejar actuar por 15 min. Luego enjuague bien con abundante agua tibia. Úselo 1 ó 2 veces por semana.\r\n\r\nINGREDIENTES: WATER (AQUA), CETYL ALCOHOL, BEHENTRIMONIUM METHOSULFATE, GLYCERIN, STEARYL ALCOHOL, DIMETHICONOL, HYDROXYPROPYL STARCH PHOSPHATE, OCTYLDODECANOL, CETYL ESTERS, FRAGRANCE(PARFUM), DIMETHICONE, BUTYLENE GLYCOL, HYDROXYETHYL UREA, BENZYL ALCOHOL, CYCLOPENTASILOXANE, TEA-DODECYLBENZENESULFONATE, MACADAMIA TERNIFOLIA SEED OIL, CITRIC ACID, BENZYL SALICYLATE, HEXYL CINNAMAL, METHYLCHLOROISOTHIAZOLINONE, METHYLISOTHIAZOLINONE.\r\n\r\nPRESENTACIÓN: Pote x 350gr.', 'es'),
(18, 9, 'TREATMENT MASK', 'Professional intensive mask, FREE OF SALT AND PARABENS, developed with HYDROVANCE technology. Creamy texture formula, which acts directly on the cuticle, provides maximum nutrition and hydration with a soft sensory without stickiness. Seals cuticle, repairs the cortex and medulla, controls frizz, volume and fortifies hair. Treatment for dry and dehydrated hair caused by the heat of the dryer, iron and by the sun\'s rays.\r\n\r\nINSTRUCTIONS FOR USE: After washing the hair with the shampoo. Apply the mask to clean, damp hair from mid-lengths to ends. Leave to act for 3 to 5 minutes. For extremely damaged hair, leave on for 15 min. Then rinse well with plenty of warm water. Use it 1 or 2 times a week.\r\n\r\nINGREDIENTS: WATER (AQUA) CETYL ALCOHOL, BEHENTRIMONIUM methosulfate, GLYCERIN, stearyl alcohol, Dimethiconol, HYDROXYPROPYL STARCH PHOSPHATE, Octyldodecanol, CETYL ESTERS, FRAGRANCE (PARFUM), DIMETHICONE, Butylene Glycol, HYDROXYETHYL UREA, BENZYL ALCOHOL, cyclopentasiloxane, TEA-dodecylbenzenesulfonate , MACADAMIA TERNIFOLIA SEED OIL, CITRIC ACID, BENZYL SALICYLATE, HEXYL CINNAMAL, METHYLCHLOROISOTHIAZOLINONE, METHYLISOTHIAZOLINONE.\r\n\r\nPRESENTATION: Pot x 350gr.', 'en'),
(19, 10, 'SHAMPOO', 'Shampoo profesional, LIBRE DE SAL Y PARABENOS, desarrollado con tecnología REPARAGE SYSTEM, otorga limpieza para cabellos maltratados y mejora la resistencia y elasticidad disminuyendo la caída por quiebre. Hidrata, nutre, otorga brillo y suavidad.\r\n\r\nMODO DE USO: Aplicar sobre cabello húmedo, masajear suavemente hasta obtener espuma, luego enjuagar con abundante agua. Para mejores resultados utilice los demás productos de la misma línea.\r\n\r\nINGREDIENTES: WATER (AQUA), SODIUM LAURETH SULFATE, SODIUM C14-16 OLEFIN SULFONATE, COCAMIDOPROPYL BETAINE, GLYCOL DISTEARATE, COCAMIDE MIPA, DIMETHICONOL, FRAGRANCE (PARFUM), GUAR HYDROXYPROPYLTRIMONIUM CHLORIDE, BENZYL ALCOHOL, TETRASODIUM EDTA, CITRIC ACID, TEA-DODECYLBENZENESULFONATE, PHOSPHOLIPIDS, POLYQUATERNIUM-16, BENZYL SALICYLATE, HEXYL CINNAMAL, ARGANIA SPINOSA KERNEL OIL, TOCOPHERYL ACETATE, METHYLCHLOROISOTHIAZOLINONE, METHYLISOTHIAZOLINONE.\r\n\r\nPRESENTACIÓN: Frasco x 300ml / 1Lt.', 'es'),
(20, 10, 'SHAMPOO', 'Professional shampoo, FREE OF SALT AND PARABENS, developed with REPAIR SYSTEM technology, provides cleaning for damaged hair and improves resistance and elasticity, reducing hair loss due to breakage. Hydrates, nourishes, gives shine and softness.\r\n\r\nINSTRUCTIONS FOR USE: Apply to damp hair, gently massage until foam is obtained, then rinse with plenty of water. For best results use the other products of the same line.\r\n\r\nINGREDIENTS: WATER (AQUA), SODIUM LAURETH SULFATE, SODIUM C14-16 OLEFIN SULFONATE, COCAMIDOPROPYL BETAINE, GLYCOL DISTEARATE, COCAMIDE MIPA, DIMETHICONOL, FRAGRANCE (PARFUM), GUAR HYDROXYPROPYLTRIMONIUM CHLORIDE, BENZYL ALCOHOL, TETRASODIUM EDTA, CITRIC ACID, TEA-DODECYL , PHOSPHOLIPIDS, POLYQUATERNIUM-16, BENZYL SALICYLATE, HEXYL CINNAMAL, ARGANIA SPINOSA KERNEL OIL, TOCOPHERYL ACETATE, METHYLCHLOROISOTHIAZOLINONE, METHYLISOTHIAZOLINONE.\r\n\r\nPRESENTATION: Bottle x 300ml / 1Lt.', 'en'),
(21, 11, 'CONDITIONER', 'Acondicionador profesional, LIBRE DE SAL Y PARABENOS, desarrollado con tecnología REPARAGE SYSTEM, Actúa profundamente en las fisuras y orificios de la estructura capilar reestructurándola y restaurándola. Mejora la resistencia y elasticidad disminuyendo la caída por quiebre. Hidrata, nutre, acondiciona, otorga brillo y suavidad.\r\n\r\nMODO DE USO: Aplicar sobre cabello húmedo, luego del lavado con shampoo, esparciéndolo de medios a puntas. Dejar actuar de 3 a 5 minutos y luego enjuagar con abundante agua tibia. \r\n\r\nINGREDIENTES: WATER (AQUA), GLYCERIN, CETEARYL ALCOHOL, BEHENTRIMONIUM CHLORIDE, DIMETHICONE, STEARYL ALCOHOL, CETYL ESTERS, CETYL ALCOHOL, FRAGRANCE(PARFUM), BENZYL ALCOHOL, PCA DIMETHICONE, DISODIUM EDTA, BUTYLENE GLYCOL, PHOSPHOLIPIDS, POLYQUATERNIUM-16, ARGANIA SPINOSA KERNEL OIL, BENZYL SALICYLATE, HEXYL CINNAMAL, CITRIC ACID, POLYSORBATE 20, TOCOPHERYL ACETATE, METHYLCHLOROISOTHIAZOLINONE, METHYLISOTHIAZOLINONE.\r\n\r\nPRESENTACIÓN: Frasco x 300ml / 1Lt.', 'es'),
(22, 11, 'CONDITIONER', 'Professional conditioner, FREE OF SALT AND PARABENS, developed with REPARAGE SYSTEM technology, It acts deep into the fissures and holes of the capillary structure, restructuring and restoring it. Improves resistance and elasticity, reducing the fall due to breakage. Hydrates, nourishes, conditions, gives shine and softness.\r\n\r\nINSTRUCTIONS FOR USE: Apply to damp hair, after shampooing, spreading from mid-lengths to ends. Leave on for 3 to 5 minutes and then rinse with plenty of warm water.\r\n\r\nINGREDIENTS: WATER (AQUA), GLYCERIN, CETEARYL ALCOHOL, BEHENTRIMONIUM CHLORIDE, DIMETHICONE, STEARYL ALCOHOL, CETYL ESTERS, CETYL ALCOHOL, FRAGRANCE(PARFUM), BENZYL ALCOHOL, PCA DIMETHICONE, DISODIUM EDTA, BUTYLENE GLYCOL, PHOSPHOLIPIDS, POLYQUATERNIUM-16 SPINOSA KERNEL OIL, BENZYL SALICYLATE, HEXYL CINNAMAL, CITRIC ACID, POLYSORBATE 20, TOCOPHERYL ACETATE, METHYLCHLOROISOTHIAZOLINONE, METHYLISOTHIAZOLINONE.\r\n\r\nPRESENTATION: Bottle x 300ml / 1Lt.', 'en'),
(23, 12, 'TREATMENT MASK', 'Mascarilla intensiva profesional, LIBRE DE SAL Y PARABENOS, desarrollado con tecnología REPARAGE SYSTEM. Fórmula de textura cremosa, que actúa directamente la cutícula abierta y porosa, mejora la resistencia y elasticidad disminuyendo la caída por quiebre. Otorga reparación y restauración a los cabellos maltratados. En cabellos teñidos ayuda a mantener el color por más tiempo, refuerza el bulbo capilar y ayuda a evitar la irritación que provocan los tenso activos.\r\n\r\nMODO DE USO: Luego de lavar el cabello con el shampoo, aplique la mascarilla sobre el cabello húmedo y limpio de medios a puntas. Dejar actuar de 3 a 5 minutos. Para cabellos extremadamente dañados, dejar actuar por 15 min. Luego enjuague bien con abundante agua tibia. Úselo 1 ó 2 veces por semana. \r\n\r\nINGREDIENTES: WATER (AQUA), CETYL ALCOHOL, BEHENTRIMONIUM METHOSULFATE, GLYCERIN, STEARYL ALCOHOL, DIMETHICONOL, HYDROXYPROPYL STARCH PHOSPHATE, OCTYLDODECANOL, CETYL ESTERS, FRAGRANCE(PARFUM), BUTYLENE GLYCOL, CYCLOPENTASILOXANE, DIMETHICONE, BENZYL ALCOHOL, TEA-DODECYLBENZENESULFONATE, PHOSPHOLIPIDS, POLYQUATERNIUM-16, BENZYL SALICYLATE, HEXYL CINNAMAL, CITRIC ACID, ARGANIA SPINOSA KERNEL OIL, TOCOPHERYL ACETATE, METHYLCHLOROISOTHIAZOLINONE, METHYLISOTHIAZOLINONE.\r\n\r\nPRESENTACIÓN: Frasco x 350gr.', 'es'),
(24, 12, 'TREATMENT MASK', 'Professional intensive mask, FREE OF SALT AND PARABENS, developed with REPARAGE SYSTEM technology. Formula with a creamy texture, which acts directly on the open and porous cuticle, improves resistance and elasticity, reducing hair loss due to breakage. Provides repair and restoration to damaged hair. In dyed hair, it helps maintain the color for longer, strengthens the hair bulb and helps prevent irritation caused by tense active ingredients.\r\n\r\nINSTRUCTIONS FOR USE: After washing the hair with the shampoo, apply the mask to clean, damp hair from the middle to the ends. Leave to act for 3 to 5 minutes. For extremely damaged hair, leave on for 15 min. Then rinse well with plenty of warm water. Use it 1 or 2 times a week.\r\n\r\nINGREDIENTS: WATER (AQUA) CETYL ALCOHOL, BEHENTRIMONIUM methosulfate, GLYCERIN, stearyl alcohol, Dimethiconol, HYDROXYPROPYL STARCH PHOSPHATE, Octyldodecanol, CETYL ESTERS, FRAGRANCE (PARFUM), Butylene Glycol, Cyclopentasiloxane, Dimethicone BENZYL ALCOHOL, TEA-dodecylbenzenesulfonate, phospholipids, POLYQUATERNIUM-16, BENZYL SALICYLATE, HEXYL CINNAMAL, CITRIC ACID, ARGANIA SPINOSA KERNEL OIL, TOCOPHERYL ACETATE, METHYLCHLOROISOTHIAZOLINONE, METHYLISOTHIAZOLINONE.\r\n\r\nPRESENTATION: Bottle x 350gr.', 'en'),
(25, 13, 'REJUVENATING SHAMPOO', 'Baño de juventud y limpieza delicada para cabellos dañados y debilitados por constantes tratamientos químicos que deterioran y agreden la salud del cabello. Su exclusiva tecnología HYALURON COMPLEX, basada en ÁCIDO HIALURÓNICO, produce un efecto densificador y reparador inmediato, rellena la fibra capilar desde el interior, fortalece y sella las cutículas. Cabello renovado, sano y con brillo extraordinario. Fórmula libre de sal y parabenos.\r\n\r\nMODO DE USO: Aplique el shampoo sobre cabello húmedo. Masajee suavemente hasta obtener espuma. Enjuague con abundante agua. Para mejores resultados utilice el conditioner de la misma línea.\r\n\r\nINGREDIENTES: WATER (AQUA), SODIUM LAURETH SULFATE, COCAMIDOPROPYL BETAINE, COCAMIDE MIPA, GLYCOL DISTEARATE, DECYL GLUCOSIDE, DIMETHICONOL, FRAGRANCE (PARFUM), DIMETHYL LAURAMIDE/MYRISTAMIDE, BENZYL ALCOHOL, T E A - D O D E C Y L B E N Z E N E S U L F O N AT E , POLYQUATERNIUM-44, CITRIC ACID, M E T H Y L C H L O R O I S OT H I A Z O L I N O N E , METHYLISOTHIAZOLINONE, RED 40 (CI 16035), HYDROLYZED HYALURONIC ACID.\r\n\r\nPRESENTACIÓN: Frasco x 300ml / 1Lt.', 'es'),
(26, 13, 'REJUVENATING SHAMPOO', 'Bath of youth and delicate cleaning for hair damaged and weakened by constant chemical treatments that deteriorate and attack the health of the hair. Its exclusive HYALURON COMPLEX technology, based on HYALURONIC ACID, produces an immediate densifying and repairing effect, fills the hair fiber from the inside, strengthens and seals the cuticles. Renewed, healthy hair with extraordinary shine. Salt and paraben free formula.\r\n\r\nINSTRUCTIONS FOR USE: Apply the shampoo on damp hair. Gently massage until foamy. Rinse with plenty of water. For best results use the conditioner from the same line.\r\n\r\nINGREDIENTS: WATER (AQUA), SODIUM LAURETH SULFATE, COCAMIDOPROPYL BETAINE, COCAMIDE MIPA, GLYCOL DISTEARATE, DECYL GLUCOSIDE, DIMETHICONOL, FRAGRANCE (PARFUM), DIMETHYL LAURAMIDE/MYRISTAMIDE, BENZYL ALCOHOL, T E A - D O D E C Y L B E N Z E N E S U L F O N AT E , POLYQUATERNIA E , POLYQUATERNIUM , M E T H Y L C H L O R O I S O T H I A Z O L I N O N E , METHYLISOTHIAZOLINONE, RED 40 (CI 16035), HYDROLYZED HYALURONIC ACID.\r\n\r\nPRESENTATION: Bottle x 300ml / 1Lt.', 'en'),
(27, 14, 'REJUVENATING CONDITIONER', 'Hidratación profunda y suavidad intensa para cabellos dañados y debilitados por constantes tratamientos químicos. Su exclusiva tecnología HYALURON COMPLEX, basada en ÁCIDO HIALURÓNICO, produce un efecto densificador y reparador inmediato, rellena la fibra capilar desde el interior, fortalece y sella las cutículas. Cabello renovado, sano y con brillo extraordinario. Fórmula libre de sal y parabenos. \r\n\r\nMODO DE USO: Después de lavar el cabello con el SHAMPOO, aplique una cantidad generosa del CONDITIONER sobre el cabello húmedo. Aplicar de medios a puntas. Luego enjuague con abundante agua tibia.\r\n\r\nINGREDIENTES: WATER (AQUA), SODIUM LAURETH SULFATE, COCAMIDOPROPYL BETAINE, COCAMIDE MIPA, GLYCOL DISTEARATE, DECYL GLUCOSIDE, DIMETHICONOL, FRAGRANCE (PARFUM), DIMETHYL LAURAMIDE/MYRISTAMIDE, BENZYL ALCOHOL, T E A - D O D E C Y L B E N Z E N E S U L F O N AT E , POLYQUATERNIUM-44, CITRIC ACID, M E T H Y L C H L O R O I S OT H I A Z O L I N O N E , METHYLISOTHIAZOLINONE, RED 40 (CI 16035), HYDROLYZED HYALURONIC ACID.\r\n\r\nPRESENTACIÓN: Frasco x 300ml / 1Lt.', 'es'),
(28, 14, 'REJUVENATING CONDITIONER', 'Deep hydration and intense softness for hair damaged and weakened by constant chemical treatments. Its exclusive HYALURON COMPLEX technology, based on HYALURONIC ACID, produces an immediate densifying and repairing effect, fills the hair fiber from the inside, strengthens and seals the cuticles. Renewed, healthy hair with extraordinary shine. Salt and paraben free formula.\r\n\r\nINSTRUCTIONS FOR USE: After washing hair with SHAMPOO, apply a generous amount of CONDITIONER to damp hair. Apply from mid-lengths to ends. Then rinse with plenty of warm water.\r\n\r\nINGREDIENTS: WATER (AQUA), SODIUM LAURETH SULFATE, COCAMIDOPROPYL BETAINE, COCAMIDE MIPA, GLYCOL DISTEARATE, DECYL GLUCOSIDE, DIMETHICONOL, FRAGRANCE (PARFUM), DIMETHYL LAURAMIDE/MYRISTAMIDE, BENZYL ALCOHOL, T E A - D O D E C Y L B E N Z E N E S U L F O N AT E , POLYQUATERNIA E , POLYQUATERNIUM , M E T H Y L C H L O R O I S O T H I A Z O L I N O N E , METHYLISOTHIAZOLINONE, RED 40 (CI 16035), HYDROLYZED HYALURONIC ACID.\r\n\r\nPRESENTATION: Bottle x 300ml / 1Lt.', 'en'),
(29, 15, 'REJUVENATING HAIR MASK', 'Máscara de reconstrucción intensiva, que repara y rellena la fibra capilar dañada por constantes tratamientos químicos. Su exclusiva tecnología HYALURON COMPLEX, basada en ÁCIDO HIALURÓNICO de alta concentración, produce un efecto densificador y reparador inmediato, rellena la fibra capilar desde el interior, fortalece y sella las cutículas, devolviendo juventud al cabello castigado. Fórmula libre de sal y parabenos. \r\n\r\nMODO DE USO: Luego de lavar el cabello con SHAMPOO aplique la cantidad necesaria de la MASCARILLA sobre el cabello húmedo y limpio, de medios a puntas y deje actuar de 3 a 5 minutos. Para cabello extremadamente dañado, dejar actuar por 15 min. Luego enjuague bien con abundante agua tibia. Úselo 1 ó 2 veces por semana.\r\n\r\nINGREDIENTES: WATER (AQUA), SODIUM LAURETH SULFATE, COCAMIDOPROPYL BETAINE, COCAMIDE MIPA, GLYCOL DISTEARATE, DECYL GLUCOSIDE, DIMETHICONOL, FRAGRANCE (PARFUM), DIMETHYL LAURAMIDE/MYRISTAMIDE, BENZYL ALCOHOL, T E A - D O D E C Y L B E N Z E N E S U L F O N AT E , POLYQUATERNIUM-44, CITRIC ACID, M E T H Y L C H L O R O I S OT H I A Z O L I N O N E , METHYLISOTHIAZOLINONE, RED 40 (CI 16035), HYDROLYZED HYALURONIC ACID.\r\n\r\nPRESENTACIÓN: Pote x 350gr / 1Kg.', 'es'),
(30, 15, 'REJUVENATING HAIR MASK', 'Intensive reconstruction mask, which repairs and fills the hair fiber damaged by constant chemical treatments. Its exclusive HYALURON COMPLEX technology, based on highly concentrated HYALURONIC ACID, produces an immediate densifying and repairing effect, fills the hair fiber from the inside, strengthens and seals the cuticles, restoring youth to damaged hair. Salt and paraben free formula.\r\n\r\nINSTRUCTIONS FOR USE: After washing the hair with SHAMPOO, apply the required amount of the MASK to clean, damp hair, from mid-lengths to ends, and leave for 3 to 5 minutes. For extremely damaged hair, leave on for 15 min. Then rinse well with plenty of warm water. Use it 1 or 2 times a week.\r\n\r\nINGREDIENTS: WATER (AQUA), SODIUM LAURETH SULFATE, COCAMIDOPROPYL BETAINE, COCAMIDE MIPA, GLYCOL DISTEARATE, DECYL GLUCOSIDE, DIMETHICONOL, FRAGRANCE (PARFUM), DIMETHYL LAURAMIDE/MYRISTAMIDE, BENZYL ALCOHOL, T E A - D O D E C Y L B E N Z E N E S U L F O N AT E , POLYQUATERNIA E , POLYQUATERNIUM , M E T H Y L C H L O R O I S O T H I A Z O L I N O N E , METHYLISOTHIAZOLINONE, RED 40 (CI 16035), HYDROLYZED HYALURONIC ACID.\r\n\r\nPRESENTATION: Pot x 350gr / 1Kg.', 'en'),
(31, 16, 'REJUVENATING THERMOPROTECTOR', 'Emulsión protectora y nutritiva que forma una película defensora sobre los cabellos expuestos constantemente al calor de planchas y secadoras. Su exclusiva tecnología HYALURON COMPLEX, basada en ÁCIDO HIALURÓNICO de alta concentración, produce un efecto densificador y reparador inmediato, rellena la fibra capilar desde el interior, fortalece y sella las cutículas, reduce el frizz y evita la retención de humedad en el cabello.\r\n\r\nMODO DE USO: Para reducir el frizz puedes usarlo diariamente y notarás un cabello suave, sedoso y liviano.\r\n\r\nINGREDIENTES: WATER (AQUA), PHENYL TRIMETHICONE, CYCLOPENTASILOXANE, BEHENTRIMONIUM CHLORIDE, FRAGRANCE(PARFUM), SORBITAN CAPRYLATE, BEHENTRIMONIUM METHOSULFATE, CETYL ALCOHOL, PROPANEDIOL, DIMETHICONOL, BENZOIC ACID, BUTYLENE GLYCOL, TRIETHANOLAMINE, DIMETHICONE CROSSPOLYMER, CITRIC ACID, HYDROLYZED HYALURONIC ACID, RED 40 (CI 16035).\r\n\r\nPRESENTACIÓN: Frasco x 200ml.', 'es'),
(32, 16, 'REJUVENATING THERMOPROTECTOR', 'Protective and nourishing emulsion that forms a protective film on hair constantly exposed to the heat of irons and dryers. Its exclusive HYALURON COMPLEX technology, based on highly concentrated HYALURONIC ACID, produces an immediate densifying and repairing effect, fills the hair fiber from the inside, strengthens and seals the cuticles, reduces frizz and prevents moisture retention in the hair.\r\n\r\nHOW TO USE: To reduce frizz you can use it daily and you will notice soft, silky and light hair.\r\n\r\nINGREDIENTS: WATER (AQUA), PHENYL TRIMETHICONE, CYCLOPENTASILOXANE, BEHENTRIMONIUM CHLORIDE, FRAGRANCE(PARFUM), SORBITAN CAPRYLATE, BEHENTRIMONIUM METHOSULFATE, CETYL ALCOHOL, PROPANEDIOL, DIMETHICONOL, BENZOIC ACID, BUTYLENE GLYCOL, TRIETHANOLAMINE, DIMETHPOLYICONE CROSSPOLYCONE , RED 40 (CI 16035).\r\n\r\nPRESENTATION: Bottle x 200ml.', 'en'),
(33, 17, 'REJUVENATING DETANGLING', 'Desenredante bifásico, ayuda a reparar y humectar el cabello. La fase superior aporta brillo y ayuda a la manejabilidad del cabello. La fase inferior hidrata y nutre la hebra capilar. Su exclusiva tecnología HYALURON COMPLEX, basada en ÁCIDO HIALURÓNICO de alta concentración, produce un efecto densificador y reparador inmediato de la fibra capilar desde el interior, fortalece y sella las cutículas y reduce el frizz.\r\n\r\nMODO DE USO: Agitar el producto mezclando las dos fases y aplicar uniformemente sobre el cabello, húmedo o seco. Proceder a peinar al estilo deseado. No enjuagar.\r\n\r\nINGREDIENTES: WATER (AQUA), CYCLOPENTASILOXANE, CYCLOHEXASILOXANE, PHENYL TRIMETHICONE, FRAGRANCE(PARFUM), PROPOXYTETRAMETHYL PIPERIDINYL DIMETHICONE, CETRIMONIUM CHLORIDE, PEG-12 DIMETHICONE, PROPYLENE GLYCOL, DIMETHICONOL, POLYSORBATE 20, POLYQUATERNIUM-44, DMDM HYDANTOIN, RIDECETH-6, ETHYLHEXYL METHOXYCINNAMATE, PANTHENOL, SODIUM BENZOTRIAZOLYL BUTYLPHENOL SULFONATE, BENZYL ALCOHOL, ALCOHOL, TRIS(TETRAMETHYLHYDROXYPIPERIDINOL) CITRATE, CITRIC ACID, HYDROLYZED HYALURONIC ACID, RED 40 (CI 16035).\r\n\r\nPRESENTACIÓN: Frasco x 200ml.', 'es'),
(34, 17, 'REJUVENATING DETANGLING', 'Biphasic detangler, helps repair and moisturize hair. The upper phase adds shine and helps hair manageability. The lower phase hydrates and nourishes the hair strand. Its exclusive HYALURON COMPLEX technology, based on highly concentrated HYALURONIC ACID, produces an immediate densifying and repairing effect on the hair fiber from the inside, strengthening and sealing the cuticles and reducing frizz.\r\n\r\nINSTRUCTIONS FOR USE: Shake the product by mixing the two phases and apply evenly to damp or dry hair. Proceed to comb the desired style. Do not rinse.\r\n\r\nINGREDIENTS: WATER (AQUA), CYCLOPENTASILOXANE, CYCLOHEXASILOXANE, PHENYL TRIMETHICONE, FRAGRANCE(PARFUM), PROPOXYTETRAMETHYL PIPERIDINYL DIMETHICONE, CETRIMONIUM CHLORIDE, PEG-12 DIMETHICONE, PROPYLENE GLYCOL, DIMETHICONOL, POLYSORBATE 20, POLYCEDANTQUATERNIUM-44, HYCEDQUATERNIUM-44, ETHYLHEXYL METHOXYCINNAMATE, PANTHENOL, SODIUM BENZOTRIAZOLYL BUTYLPHENOL SULFONATE, BENZYL ALCOHOL, ALCOHOL, TRIS(TETRAMETHYLHYDROXYPIPERIDINOL) CITRATE, CITRIC ACID, HYDROLYZED HYALURONIC ACID, RED 40 (CI 16035).\r\n\r\nPRESENTATION: Bottle x 200ml.', 'en'),
(35, 18, 'REJUVENATING HAIR SEREUM', 'Concentrado ultra regenerador, ideal para cabellos maltratados, débiles y deteriorados por constantes tratamientos químicos. Su exclusiva tecnología HYALURON COMPLEX, basada en ÁCIDO HIALURÓNICO de alta concentración, produce un efecto densificador y reparador inmediato, rellena la fibra capilar desde el interior, fortalece y sella las cutículas. Cabello renovado, sano y con brillo extraordinario.\r\n\r\nMODO DE USO: \r\nEN EL SALÓN: Para cabellos que necesitan mayor suavidad y nutrición, se recomienda utilizar antes del shampoo. Cepillar el cabello. Extender tres aplicaciones en las palmas de las manos. Aplicar el producto con las manos de medios a puntas y dejarlo reposar un par de minutos. Enjuagar con agua tibia y aplicar el shampoo en la forma habitual. PARA DISMINUIR EL FRIZZ, facilita el peinado y protege el cabello de la secadora o plancha. Extender dos aplicaciones en las palmas de las manos y aplicar en el cabello de medios a puntas. Después de usar la secadora o plancha nuevamente aplique dos gotas de medios a puntas, así logrará aumentar el brillo, cerrar las puntas y otorgar un finalizado de lujo. \r\n\r\nEN CASA: A diario extender una o dos aplicaciones en las palmas de las manos y aplicar uniformemente de medios a puntas. ACCIÓN NOCTURNA: Para mayor acción y corrección de hebras maltratadas y desvitalizadas dejar actuar toda la noche y lavar por la mañana en su rutina diaria.\r\n\r\nINGREDIENTES: CYCLOPENTASILOXANE, CYCLOHEXASILOXANE, DIMETHICONOL, CAPRYLYL METHICONE, BIS-HYDROXY/METHOXY AMODIMETHICONE, DICAPRYLYL CARBONATE, PHENYL TRIMETHICONE, FRAGRANCE(PARFUM), ETHYLHEXYL METHOXYCINNAMATE, TOCOPHERYL ACETATE, BUTYLPHENYL METHYLPROPIONAL, HEXYL CINNAMAL, CITRONELLOL, LINALOOL, COUMARIN, HYDROLYZED HYALURONIC ACID.\r\n\r\nPRESENTACIÓN: Frasco x 50ml.', 'es'),
(36, 18, 'REJUVENATING HAIR SEREUM', 'Ultra regenerating concentrate, ideal for damaged, weak and damaged hair due to constant chemical treatments. Its exclusive HYALURON COMPLEX technology, based on highly concentrated HYALURONIC ACID, produces an immediate densifying and repairing effect, fills the hair fiber from the inside, strengthens and seals the cuticles. Renewed, healthy hair with extraordinary shine.\r\n\r\nMODE OF USE:\r\nIN THE SALON: For hair that needs greater softness and nutrition, it is recommended to use it before shampooing. Brush the hair. Extend three applications in the palms of the hands. Apply the product with your hands from mid-lengths to ends and let it rest for a couple of minutes. Rinse with lukewarm water and apply shampoo as usual. TO REDUCE FRIZZ, it facilitates combing and protects the hair from the dryer or flat iron. Spread two applications in the palms of your hands and apply to hair from mid-lengths to ends. After using the dryer or flat iron again, apply two drops from the middle to the ends, this way you will be able to increase the shine, close the ends and give a luxurious finish.\r\n\r\nAT HOME: Daily spread one or two applications in the palms of the hands and apply evenly from mid-lengths to ends. NIGHTTIME ACTION: For greater action and correction of damaged and lifeless strands, leave it on overnight and wash in the morning as part of your daily routine.\r\n\r\nINGREDIENTS: cyclopentasiloxane, CYCLOHEXASILOXANE, Dimethiconol, Caprylyl Methicone, BIS-HYDROXY / METHOXY Amodimethicone, Dicaprylyl Carbonate PHENYL Trimethicone, FRAGRANCE (PARFUM), ETHYLHEXYL METHOXYCINNAMATE, TOCOPHERYL ACETATE, butylphenyl methylpropional, HEXYL cinnamal, citronellol, linalool, coumarin, HYDROLYZED HYALURONIC ACID .\r\n\r\nPRESENTATION: Bottle x 50ml.', 'en'),
(37, 19, 'SMOOTHING CONDITIONER POST ALISADO', 'Bálsamo acondicionante post alisado, suaviza y restaura la hebra capilar, sella las cutículas permitiendo alinearlas y mejorar su elasticidad, desarrollado con tecnología Hidroacid Complex y Keratina de acción protectora y disciplinante que disminuye significativamente la adhesión de partículas de contaminación manteniendo el cabello liso y brillante, a su vez protege de la humedad y controla el encrespamiento para un cabello más manejable, suave y sin Frizz.\r\n\r\nMODO DE USO: Luego de lavar el cabello con el shampoo. Aplique el POST LISS SMOOTHING CONDITIONER sobre el cabello húmedo y limpio de medios a puntas Dejar actuar de 3 a 5 minutos y luego enjuagar con abundante agua tibia. Para mejores resultados utilice los demás productos de la misma línea.\r\n\r\nINGREDIENTES: WATER (AQUA), SODIUM LAURETH SULFATE, SODIUM C14-16 OLEFIN SULFONATE, COCAMIDOPROPYL BETAINE, COCAMIDE MIPA, GLYCERIN, GLYCOL DISTEARATE, DIMETHICONOL, CETYL ALCOHOL, FRAGRANCE (PARFUM), GUAR HYDROXYPROPYLTRIMONIUM CHLORIDE, BENZYL ALCOHOL, HYDROLYZED KERATIN, TETRASODIUM EDTA, TEA-DODECYLBENZENESULFONATE, POLYQUATERNIUM-44, CITRIC ACID, ARGANIA SPINOSA KERNEL OIL, METHYLCHLOROISOTHIAZOLINONE, METHYLISOTHIAZOLINONE, LACTIC ACID, CAMELLIA SINENSIS LEAF EXTRACT, MALIC ACID.\r\n\r\nPRESENTACIÓN: Frasco x 300ml', 'es'),
(38, 19, 'SMOOTHING CONDITIONER POST ALISADO', 'Post-straightening conditioning balm, softens and restores the hair strand, seals the cuticles allowing them to be aligned and improves their elasticity, developed with Hydroacid Complex and Keratin technology with a protective and disciplining action that significantly reduces the adhesion of pollution particles, keeping hair smooth and shiny. At the same time, it protects from humidity and controls frizz for more manageable, soft and frizz-free hair.\r\n\r\nINSTRUCTIONS FOR USE: After washing the hair with the shampoo. Apply POST LISS SMOOTHING CONDITIONER to clean, damp hair from mid-lengths to ends. Leave on for 3 to 5 minutes, then rinse with plenty of lukewarm water. For best results use the other products of the same line.\r\n\r\nINGREDIENTS: WATER (AQUA), SODIUM LAURETH SULFATE, SODIUM C14-16 OLEFIN SULFONATE, COCAMIDOPROPYL BETAINE, COCAMIDE MIPA, GLYCERIN, GLYCOL DISTEARATE, DIMETHICONOL, CETYL ALCOHOL, FRAGRANCE (PARFUM), GUAR HYDROXYPROPYLTRIMONIUM CHLORIDE, BENZYL ALCOHOL, HYDROLYZED KERATINUM EDTA, TEA-DODECYLBENZENESULFONATE, POLYQUATERNIUM-44, CITRIC ACID, ARGANIA SPINOSA KERNEL OIL, METHYLCHLOROISOTHIAZOLINONE, METHYLISOTHIAZOLINONE, LACTIC ACID, CAMELLIA SINENSIS LEAF EXTRACT, MALIC ACID.\r\n\r\nPRESENTATION: Bottle x 300ml', 'en'),
(39, 20, 'SMOOTHING SHAMPOO POST ALISADO', 'Limpia suavemente el cabello y cuero cabelludo, ayuda a mantener los efectos de los alisados permanentes, gracias a su exclusiva tecnología Hidroacid Complex y Keratina, de acción protectora y disciplinante que disminuye significativamente la adhesión de partículas de contaminación manteniendo el cabello liso y brillante, a su vez protege de la humedad y controla el encrespamiento para un cabello más manejable, suave y sin Frizz.\r\n\r\nMODO DE USO: Aplicar sobre cabello húmedo, masajear suavemente hasta obtener espuma, luego enjuagar con abundante agua. Para mejores resultados utilice los demás productos de la misma línea.\r\n\r\nINGREDIENTES: WATER (AQUA), SODIUM LAURETH SULFATE, SODIUM C14-16 OLEFIN SULFONATE, COCAMIDOPROPYL BETAINE, COCAMIDE MIPA, GLYCERIN, GLYCOL DISTEARATE, DIMETHICONOL, CETYL ALCOHOL, FRAGRANCE (PARFUM), GUAR HYDROXYPROPYLTRIMONIUM CHLORIDE, BENZYL ALCOHOL, HYDROLYZED KERATIN, TETRASODIUM EDTA, TEA-DODECYLBENZENESULFONATE, POLYQUATERNIUM-44, CITRIC ACID, ARGANIA SPINOSA KERNEL OIL, METHYLCHLOROISOTHIAZOLINONE, METHYLISOTHIAZOLINONE, LACTIC ACID, CAMELLIA SINENSIS LEAF EXTRACT, MALIC ACID.\r\n\r\nPRESENTACIÓN: Frasco x 300ml', 'es'),
(40, 20, 'SMOOTHING SHAMPOO POST ALISADO', 'Gently cleanses the hair and scalp, helps to maintain the effects of permanent straightening, thanks to its exclusive Hydroacid Complex and Keratin technology, with a protective and disciplining action that significantly reduces the adhesion of pollution particles, keeping hair smooth and shiny. In turn, it protects from humidity and controls frizz for more manageable, soft and frizz-free hair.\r\n\r\nINSTRUCTIONS FOR USE: Apply to damp hair, massage gently until foam is obtained, then rinse with plenty of water. For best results use the other products of the same line.\r\n\r\nINGREDIENTS: WATER (AQUA), SODIUM LAURETH SULFATE, SODIUM C14-16 OLEFIN SULFONATE, COCAMIDOPROPYL BETAINE, COCAMIDE MIPA, GLYCERIN, GLYCOL DISTEARATE, DIMETHICONOL, CETYL ALCOHOL, FRAGRANCE (PARFUM), GUAR HYDROXYPROPYLTRIMONIUM CHLORIDE, BENZYL ALCOHOL, HYDROLYZED KERATINUM EDTA, TEA-DODECYLBENZENESULFONATE, POLYQUATERNIUM-44, CITRIC ACID, ARGANIA SPINOSA KERNEL OIL, METHYLCHLOROISOTHIAZOLINONE, METHYLISOTHIAZOLINONE, LACTIC ACID, CAMELLIA SINENSIS LEAF EXTRACT, MALIC ACID.\r\n\r\nPRESENTATION: Bottle x 300ml', 'en'),
(41, 21, 'SMOOTHING MASK POST ALISADO', 'Mascarilla Post Alisado, de acción suavizante y antifrizz, es el complemento perfecto para mantener un alisado duradero. Fórmula de textura cremosa, que actúa directamente en la cutícula abierta y porosa, permite una fácil absorción que hidrata profundamente la hebra capilar evitando el quiebre y reparando el daño de puntas abiertas, desarrollada con tecnología HIDROACID COMPLEX Y KERATINA.\r\n\r\nMODO DE USO: Luego de lavar el cabello con el shampoo. Aplique la mascarilla sobre el cabello húmedo y limpio de medios a puntas. Dejar actuar de 3 a 5 minutos. Para cabellos extremadamente dañados, dejar actuar por 15 min. Luego enjuague bien con abundante agua tibia. Úselo 1 ó 2 veces por semana.\r\n\r\nINGREDIENTES: WATER (AQUA), CETYL ALCOHOL, BEHENTRIMONIUM METHOSULFATE, GLYCERIN, DIMETHICONE, STEARYL ALCOHOL, DIMETHICONOL, HYDROXYPROPYL STARCH PHOSPHATE, OCTYLDODECANOL, CETYL ESTERS, FRAGRANCE(PARFUM), BUTYLENE GLYCOL, BENZYL ALCOHOL, PCA DIMETHICONE, TEA-DODECYLBENZENESULFONATE, ARGANIA SPINOSA KERNEL OIL, HYDROLYZED KERATIN, LACTIC ACID, POLYSORBATE 20, CITRIC ACID, CAMELLIA SINENSIS LEAF EXTRACT, METHYLCHLOROISOTHIAZOLINONE, METHYLISOTHIAZOLINONE, MALIC ACID.\r\n\r\nPRESENTACIÓN: Pote x 350gr.', 'es');
INSERT INTO `product_translations` (`id`, `product_id`, `name`, `description`, `locale`) VALUES
(42, 21, 'SMOOTHING MASK POST ALISADO', 'Post Straightening Mask, with a smoothing and anti-frizz action, is the perfect complement to maintain long-lasting straightening. Formula with a creamy texture, which acts directly on the open and porous cuticle, allows easy absorption that deeply hydrates the hair strand, preventing breakage and repairing the damage caused by split ends, developed with HIDROACID COMPLEX AND KERATIN technology.\r\n\r\nINSTRUCTIONS FOR USE: After washing the hair with the shampoo. Apply the mask to clean, damp hair from mid-lengths to ends. Leave to act for 3 to 5 minutes. For extremely damaged hair, leave on for 15 min. Then rinse well with plenty of warm water. Use it 1 or 2 times a week.\r\n\r\nINGREDIENTS: WATER (AQUA), CETYL ALCOHOL, BEHENTRIMONIUM METHOSULFATE, GLYCERIN, DIMETHICONE, STEARYL ALCOHOL, DIMETHICONOL, HYDROXYPROPYL STARCH PHOSPHATE, OCTYLDODECANOL, CETYL ESTERS, FRAGRANCE(PARFUM), BUTYLENE GLYCOL, BENZYL ALCOHOL, PCA ADEMETHODECYONE SPINOSA KERNEL OIL, HYDROLYZED KERATIN, LACTIC ACID, POLYSORBATE 20, CITRIC ACID, CAMELLIA SINENSIS LEAF EXTRACT, METHYLCHLOROISOTHIAZOLINONE, METHYLISOTHIAZOLINONE, MALIC ACID.\r\n\r\nPRESENTATION: Pot x 350gr.', 'en'),
(43, 22, 'SMOOTHING THERMO PROTECTOR POST ALISADO', 'Potente termoprotector post alisado que proporciona una barrera invisible contra los daños producidos por el calor de la secadora o plancha. Exclusiva tecnología HIDROACID COMPLEX que es la combinación del extracto de té verde y ácido de frutas, ayuda a mantener el alisado del cabello por más tiempo y aumenta el brillo. Además, disminuye significativamente la adhesión de partículas de contaminación dando como resultado un cabello liso y suave.\r\n\r\nMODO DE USO: Aplicar sobre el cabello limpio y húmedo antes de utilizar la secadora y sobre el cabello seco antes de utilizar la plancha. No enjuagarse. Para reducir el frizz puedes aplicarlo diariamente.\r\n\r\nINGREDIENTES: WATER (AQUA), PHENYL TRIMETHICONE, FRAGRANCE (PARFUM), BEHENTRIMONIUM METHOSULFATE, GLYCERYL STEARATE SE, DICOCOYLETHYL HYDROXYETHYLMONIUM METHOSULFATE, SORBITAN CAPRYLATE, CETYL ALCOHOL. SILICONE QUATERNIUM-16/GLYCIDOXY DIMETHICONE CROSSPOLYMER, UNDECETH-11, DMDM HYDANTOIN, PROPYLENE GLYCOL, ARGANIA SPINOSA KERNEL OIL, PROPANEDIOL, BUTYLENE GLYCOL, UNDECETH-5, HYDROLYZED KERATIN, BENZOIC ACID, TRIETHANOLAMINE, LACTIC ACID, CAMELLIA SINENSIS LEAF EXTRACT, CITRIC ACID, MALIC ACID.\r\n\r\nPRESENTACIÓN: Frasco x 200ml.', 'es'),
(44, 22, 'SMOOTHING THERMO PROTECTOR POST ALISADO', 'Powerful post-straightening thermoprotector that provides an invisible barrier against damage caused by the heat of the dryer or iron. Exclusive HIDROACID COMPLEX technology, which is the combination of green tea extract and fruit acid, helps maintain hair straightening for longer and increases shine. In addition, it significantly reduces the adhesion of pollution particles, resulting in smooth and soft hair.\r\n\r\nINSTRUCTIONS FOR USE: Apply to clean, damp hair before using the dryer and on dry hair before using the flat iron. Do not rinse. To reduce frizz you can apply it daily.\r\n\r\nINGREDIENTS: WATER (AQUA), PHENYL TRIMETHICONE, FRAGRANCE (PARFUM), BEHENTRIMONIUM METHOSULFATE, GLYCERYL STEARATE SE, DICOCOYLETHYL HYDROXYETHYLMONIUM METHOSULFATE, SORBITAN CAPRYLATE, CETYL ALCOHOL. SILICONE QUATERNIUM-16/GLYCIDOXY DIMETHICONE CROSSPOLYMER, UNDECETH-11, DMDM ​​HYDANTOIN, PROPYLENE GLYCOL, ARGANIA SPINOSA KERNEL OIL, PROPANEDIOL, BUTYLENE GLYCOL, UNDECETH-5, HYDROLYZED KERATIN, BENZOIC ACID, TRIETHANOLAMINE, LACTIC ACID, CAMELLIA SINEN ACID, MALIC ACID.\r\n\r\nPRESENTATION: Bottle x 200ml.', 'en'),
(45, 23, 'SMOOTHING SERUM POST ALISADO', 'Suero Post Alisado de acción suavizante y antifrizz, es el complemento perfecto para mantener un alisado duradero. Fórmula de textura oleosa, que actúa sellando directamente la cutícula abierta y porosa, permite una fácil absorción que hidrata profundamente la hebra capilar evitando el quiebre y reparando el daño de puntas abiertas.\r\n\r\nMODO DE USO: Después de usar la secadora o plancha, extender dos aplicaciones en las palmas de las manos y aplicar en el cabello de medios a puntas. Así logrará aumentar el brillo, cerrar las puntas y otorgar un liso perfecto.\r\n\r\nINGREDIENTES:CYCLOPENTASILOXANE, CYCLOHEXASILOXANE, DIMETHICONOL, CAPRYLYL METHICONE, BIS-HYDROXY/METHOXY AMODIMETHICONE, DICAPRYLYL CARBONATE, PHENYL TRIMETHICONE, FRAGRANCE(PARFUM), ETHYLHEXYL METHOXYCINNAMATE, TOCOPHERYL ACETATE, ARGANIA SPINOSA KERNEL OIL.\r\n\r\nPRESENTACIÓN: Frasco x 50ml.', 'es'),
(46, 23, 'SMOOTHING SERUM POST ALISADO', 'Post Smoothing Serum with smoothing and anti-frizz action, it is the perfect complement to maintain a long-lasting straightening. Formula with an oily texture, which acts by directly sealing the open and porous cuticle, allowing easy absorption that deeply hydrates the hair strand, preventing breakage and repairing the damage caused by split ends.\r\n\r\nINSTRUCTIONS FOR USE: After using the dryer or flat iron, spread two applications in the palms of your hands and apply to the hair from the middle to the ends. This will increase the shine, close the ends and give a perfect smooth.\r\n\r\nINGREDIENTS:CYCLOPENTASILOXANE, CYCLOHEXASILOXANE, DIMETHICONOL, CAPRYLYL METHICONE, BIS-HYDROXY/METHOXY AMODIMETHICONE, DICAPRYLYL CARBONATE, PHENYL TRIMETHICONE, FRAGRANCE(PARFUM), ETHYLHEXYL METHOXYCINNAMATE, TOCOPHERYL ACETATE, ARGANIA SPINOSA KERNEL OIL.\r\n\r\nPRESENTATION: Bottle x 50ml.', 'en'),
(47, 24, 'SILVER SHAMPOO', 'Exclusiva fórmula CON PIGMENTOS PUROS AZULES, libre de sal y parabenos. Actúa equilibrando los reflejos amarillentos y anaranjados de los rubios desgastados, devolviendo al cabello tonalidades platinadas.\r\n\r\nMODO DE USO: \r\nAplique RADIANT SILVER SHAMPOO sobre el cuero cabello húmedo. Masajee suavemente con las yemas de los dedos hasta obtener espuma. Dejar actuar de 5 a 10 minutos (según la altura tonal del cabello). Finalizar el proceso enjuagando con agua tibia hasta que no quede restos de producto. De ser necesario, repita la aplicación de 2 a 3 veces para obtener mejores resultados y dejar el cabello apto ante futuros tratamiento. La continuidad de uso dependerá del estado del cabello y altura tonal deseada. Solo para uso en salones de belleza.\r\n\r\nINGREDIENTES: WATER (AQUA), SODIUM LAURETH SULFATE, PEG-4 RAPESEEDAMIDE, COCAMIDOPROPYL BETAINE, FRAGRANCE (PARFUM), GLYCERIN, PEG-12 DIMETHICONE, LAURETH-3, ACID VIOLET 43, PEG-150 POLYGLYCERYL-2 TRISTEARATE, POLYQUATERNIUM-44, DIPROPYLENE GLYCOL, CITRIC ACID, LINALOOL, HEXYL CINNAMAL, METHYLCHLOROISOTHIAZOLINONE, METHYLISOTHIAZOLINONE.\r\n\r\nPRESENTACIÓN: Frasco x 300ml / 1Lt.', 'es'),
(48, 24, 'SILVER SHAMPOO', 'Exclusive formula WITH PURE BLUE PIGMENTS, free of salt and parabens. It works by balancing the yellowish and orange reflections of worn blondes, restoring platinum tones to the hair.\r\n\r\nMODE OF USE:\r\nApply RADIANT SILVER SHAMPOO to wet hair. Gently massage with fingertips until foamy. Leave to act for 5 to 10 minutes (depending on the tonal height of the hair). Finish the process by rinsing with warm water until there are no traces of product. If necessary, repeat the application 2 to 3 times to obtain better results and leave the hair suitable for future treatments. The continuity of use will depend on the condition of the hair and desired tonal height. For salon use only.\r\n\r\nINGREDIENTS: WATER (AQUA), SODIUM LAURETH SULFATE, PEG-4 RAPESEEDAMIDE, COCAMIDOPROPYL BETAINE, FRAGRANCE (PARFUM), GLYCERIN, PEG-12 DIMETHICONE, LAURETH-3, ACID VIOLET 43, PEG-150 POLYGLYCERYL-2 TRISTEARATE, POLYQUATERNIUM-44 , DIPROPYLENE GLYCOL, CITRIC ACID, LINALOOL, HEXYL CINNAMAL, METHYLCHLOROISOTHIAZOLINONE, METHYLISOTHIAZOLINONE.\r\n\r\nPRESENTATION: Bottle x 300ml / 1Lt.', 'en'),
(49, 25, 'SILVER MASK', 'Exclusiva fórmula CON PIGMENTOS PUROS AZULES, libre de sal y parabenos. Actúa equilibrando los reflejos amarillentos y anaranjados de los rubios desgastados, devolviendo al cabello tonalidades platinadas, suavidad, brillo y sello de las cutículas abiertas.\r\n\r\nMODO DE USO: Aplique RADIANT SILVER MASK sobre el cabello húmedo de medios a puntas. Extienda el tratamiento en los largos del cabello y masajee suavemente con las yemas de los dedos. Dejar actuar de 5 a 10 minutos. Finalizar el proceso, enjuagando con agua tibia hasta que no quede restos de producto y sellar enjuagando con agua fría para cerrar las cutículas. De ser necesario, repita la aplicación de 2 a 3 veces para obtener mejores resultados y dejar el cabello apto ante futuros tratamiento. La continuidad de uso dependerá del estado del cabello y altura tonal deseada. Solo para uso en salones de belleza.\r\n\r\nINGREDIENTES: WATER (AQUA), CETEARYL ALCOHOL, GLYCERIN, CETYL ALCOHOL, STEARYL ALCOHOL, DIMETHICONOL, DIPALMITOYLETHYL HYDROXYETHYLMONIUM METHOSULFATE, FRAGRANCE (PARFUM), BEHENAMIDOPROPYL DIMETHYLAMINE, CYCLOPENTASILOXANE, DIMETHICONE, LACTIC ACID, ACID VIOLET 43, TEA-DODECYLBENZENESULFONATE, LINALOOL, HEXYL CINNAMAL, METHYLCHLOROISOTHIAZOLINONE, CITRIC ACID, METHYLISOTHIAZOLINONE.\r\n\r\nPRESENTACIÓN: Frasco x 300ml / 1Lt.', 'es'),
(50, 25, 'SILVER MASK', 'Exclusive formula WITH PURE BLUE PIGMENTS, free of salt and parabens. It works by balancing the yellowish and orange reflections of faded blondes, restoring platinum tones, softness, shine and sealing open cuticles to the hair.\r\n\r\nHOW TO USE: Apply RADIANT SILVER MASK to damp hair from mid-lengths to ends. Spread the treatment on the lengths of the hair and gently massage with the fingertips. Leave to act for 5 to 10 minutes. Finish the process, rinsing with warm water until there are no product residues left and seal by rinsing with cold water to close the cuticles. If necessary, repeat the application 2 to 3 times to obtain better results and leave the hair suitable for future treatments. The continuity of use will depend on the condition of the hair and desired tonal height. For salon use only.\r\n\r\nIngredients: Water (Aqua), Ceteryl Alcohol, Glycerin, Cetyl Alcohol, Stearl Alcohol, Dimethichiconol, Dipalmitoyl HydroxyThyllmonium Methosulfate, Fragrance (Parfum), Behenamidopropyl Dimethylamine, Cyclopentasiloxane, Dimethicone, Lactic Acid, Acid Violet 43, Tea-Dodecylbenzenesulfonate, Linalool, Hexyl CINNAMAL, METHYLCHLOROISOTHIAZOLINONE, CITRIC ACID, METHYLISOTHIAZOLINONE.\r\n\r\nPRESENTATION: Bottle x 300ml / 1Lt.', 'en'),
(51, 26, 'NUTRI CLEAN SHAMPOO', 'Su fórmula especializada para salones optimiza los resultados después de todo proceso químico, ya que por su bajo pH neutraliza y arrastra todo residuo alcalino, dejando la hebra capilar balanceada e idealmente restablecida.\r\n\r\nMODO DE USO: Moje el cabello y aplique una suficiente cantidad del NutriClean Shampoo. Masajee suavemente hasta obtener abundante espuma y luego enjuague con agua. Para un completo tratamiento profesional use el NutriProtection Condition.\r\n\r\nINGREDIENTES: AQUA, SODIUM LAURYL SULFATE, COCAMIDE DEA, COCAMIDOPROPYL BETAINE, TETRASODIUM EDTA, CITRIC ACID, METHYLPARABEN, PROPYLPARABEN, METHYLCHLOROISOTHIAZOLINONE (AND) METHYLISOTHIAZOLINONE, SODIUM CHLORIDE, BENZYL SALICYLATE, CITRONELLOL, GERANIOL, HYDROXYISOHEXYL 3-CYCLOHEXENE CARBOXALDEHYDE, FRAGRANCE.\r\n\r\nPRESENTACIÓN: Galón x 3.7Lt.', 'es'),
(52, 26, 'NUTRI CLEAN SHAMPOO', 'Its specialized formula for salons optimizes the results after any chemical process, since its low pH neutralizes and removes all alkaline residue, leaving the hair strand balanced and ideally restored.\r\n\r\nINSTRUCTIONS FOR USE: Wet hair and apply a sufficient amount of NutriClean Shampoo. Gently massage into a rich lather, then rinse with water. For a complete professional treatment use the NutriProtection Condition.\r\n\r\nINGREDIENTS: AQUA, SODIUM LAURYL SULFATE, COCAMIDE DEA, COCAMIDOPROPYL BETAINE, TETRASODIUM EDTA, CITRIC ACID, METHYLPARABEN, PROPYLPARABEN, METHYLCHLOROISOTHIAZOLINONE (AND) METHYLISOTHIAZOLINONE, SODIUM CHLORIDE, BENZYL SALICYLATE, CITRONELLOL, GERANIOL, HYDROXYISOHEXYISOHEXYLATE,\r\n\r\nPRESENTATION: Gallon x 3.7Lt.', 'en'),
(53, 27, 'NUTRI SOFT CONDITIONER', 'Sus agentes hidratantes restablecen la estructura y el equilibrio natural del cabello después de cualquier proceso químico. Sella las cutículas de la hebra capilar aportándole hidratación y elasticidad, dejándolo suave y excepcionalmente brilloso.\r\n\r\nMODO DE USO: Después de lavar el cabello con SHAMPOO, aplique una cantidad generosa de CONDITIONER sobre el cabello húmedo. Aplicar de medio a puntas. Luego enjuague con abundante agua tibia.\r\n\r\nINGREDIENTES: WATER (AQUA), CETEARYL ALCOHOL, GLYCERIN, CETYL ALCOHOL, STEARYL ALCOHOL, DIMETHICONOL, FRAGRANCE (PARFUM), DIPALMITOYLETHYL HYDROXYETHYLMONIUM METHOSULFATE, BEHENAMIDOPROPYL DIMETHYLAMINE, CYCLOPENTASILOXANE, DIMETHICONE, LAURDIMONIUM HYDROXYPROPYL HYDROLYZED WHEAT PROTEIN, LACTIC ACID, TEA DODECYLBENZENESULFONATE, LINALOOL, HEXYL CINNAMAL, CITRIC ACID, METHYLCHLOROISOTHIAZOLINONE, METHYLISOTHIAZOLINONE.\r\n\r\nPRESENTACIÓN: Galón x 3.7Lt.', 'es'),
(54, 27, 'NUTRI SOFT CONDITIONER', 'Its moisturizing agents restore the structure and natural balance of the hair after any chemical process. Seals the cuticles of the hair strand, providing hydration and elasticity, leaving it soft and exceptionally shiny.\r\n\r\nINSTRUCTIONS FOR USE: After washing hair with SHAMPOO, apply a generous amount of CONDITIONER to damp hair. Apply from medium to ends. Then rinse with plenty of warm water.\r\n\r\nINGREDIENTES: WATER (AQUA), CETEARYL ALCOHOL, GLYCERIN, CETYL ALCOHOL, STEARYL ALCOHOL, DIMETHICONOL, FRAGRANCE (PARFUM), DIPALMITOYLETHYL HYDROXYETHYLMONIUM METHOSULFATE, BEHENAMIDOPROPYL DIMETHYLAMINE, CYCLOPENTASILOXANE, DIMETHICONE, LAURDIMONIUM HYDROXYPROPYL HYDROLYZED WHEAT PROTEIN, LACTIC ACID, TEA DODECYLBENZENESULFONATE, LINALOOL, HEXYL CINNAMAL, CITRIC ACID, METHYLCHLOROISOTHIAZOLINONE, METHYLISOTHIAZOLINONE.\r\n\r\nPRESENTATION: Gallon x 3.7Lt.', 'en'),
(55, 28, 'KERASTYLING CREAM', 'Crema para Peinar elaborada con Keratina, Extracto de Placenta y Sustancias Acondicionadoras. Esta combinación devuelve la suavidad, flexibilidad y docilidad a los cabellos rebeldes, tanto lacios como ondulados. Conserva durante más tiempo el peinado y controlando el frizz.\r\n\r\nMODO DE USO: Aplicar el producto, en una cantidad proporcional al largo del cabello, sea húmedo ó seco. Masajear y dejar actuar por algunos minutos, peinar y dejar secar naturalmente. Puede ser usado varias veces al día. No necesita enjuague.\r\n\r\nINGREDIENTES: AQUA, CETYL ALCOHOL, BEHENTRIMONIUM CHLORIDE, GUAR HYDROXYPROPYLTRIMONIUM CHLORIDE, DIMETHICONOL (AND) TEA-DODECYLBENZENESULFONATE, PROPYLENE GLYCOL, ASTROCARYUM MURUMURU SEED BUTTER, POLYQUATERNIUM-7, POLYQUATERNIUM-55, HYDROLYZED KERATIN, ALOE BARBADENSIS LEAF EXTRACT, TETRASODIUM EDTA, PHENOXYETHANOL (AND) METHYLPARABEN (AND) ETHYLPARABEN (AND) PROPYLPARABEN (AND) BUTYLPARABEN (AND) ISOBUTYLPARABEN, TRIETHANOLAMINE, CITRIC ACID, BENZYL SALICYLATE, CITRONELLOL, HEXYL CINNAMAL, BUTYLPHENYL METHYLPROPIONAL, LIMONENE, LINALOOL, ALPHA ISOMETHYLIONONE, FRAGRANCE.\r\n\r\nPRESENTACIÓN: Tubo x 200gr.', 'es'),
(56, 28, 'KERASTYLING CREAM', 'Combing Cream made with Keratin, Placenta Extract and Conditioning Substances. This combination restores softness, flexibility and manageability to rebellious hair, both straight and wavy. Preserves the hairstyle for longer and controls frizz.\r\n\r\nINSTRUCTIONS FOR USE: Apply the product in an amount proportional to the length of the hair, whether wet or dry. Massage and leave for a few minutes, comb and let dry naturally. It can be used several times a day. No need to rinse.\r\n\r\nINGREDIENTS: AQUA, CETYL ALCOHOL, BEHENTRIMONIUM CHLORIDE, GUAR hydroxypropyltrimonium CHLORIDE, Dimethiconol (AND) TEA-dodecylbenzenesulfonate, PROPYLENE GLYCOL, Astrocaryum murumuru SEED BUTTER, Polyquaternium-7, Polyquaternium-55, HYDROLYZED KERATIN, Aloe Barbadensis LEAF EXTRACT, TETRASODIUM EDTA, Phenoxyethanol (AND) METHYLPARABEN (AND) ETHYLPARABEN (AND) PROPYLPARABEN (AND) BUTYLPARABEN (AND) ISOBUTYLPARABEN, TRIETHANOLAMINE, CITRIC ACID, BENZYL SALICYLATE, CITRONELLOL, HEXYL CINNAMAL, BUTYLPHENYL METHYLPROPIONAL, LIMONENE, LINALOOL, ALPHA ISOMETHYLIONONE, FRAGRANCE.\r\n\r\nPRESENTATION: Tube x 200gr.', 'en'),
(57, 29, 'SHINY DROPS', 'Fórmula elaborada con vitamina E, sella la cutícula y repara las puntas quebradizas maximizando el brillo, suavidad y sedosidad. Además, protege el cabello de los rayos del sol y agentes externos gracias a su filtro UV.\r\n\r\nMODO DE USO: \r\nAplicar RADIANT SHINY DROPS de 2 a 3 gotas sobre la palma de la mano (o la cantidad necesaria según el largo y volumen del cabello) y dispersar de medios a puntas, sobre el cabello limpio, húmedo o seco.\r\n\r\nINGREDIENTES: CYCLOPENTASILOXANE, CYCLOHEXASILOXANE, DIMETHICONOL, PHENYL TRIMETHICONE, DIMETHICONE, FRAGRANCE(PARFUM), TOCOPHERYL ACETATE, ETHYLHEXYL METHOXYCINNAMATE, LINALOOL, HYDROXYCITRONELLAL, CITRONELLOL, ALPHA-ISOMETHYL IONONE, LIMONENE, COUMARIN.\r\n\r\nPRESENTACIÓN: Frasco x 100ml / 50ml.', 'es'),
(58, 29, 'SHINY DROPS', 'Formula made with vitamin E, seals the cuticle and repairs brittle ends, maximizing shine, softness and silkiness. In addition, it protects the hair from the sun\'s rays and external agents thanks to its UV filter.\r\n\r\nMODE OF USE:\r\nApply RADIANT SHINY DROPS 2 to 3 drops on the palm of the hand (or the necessary amount depending on the length and volume of the hair) and spread from mid-lengths to ends, on clean, damp or dry hair.\r\n\r\nINGREDIENTS: CYCLOPENTASILOXANE, CYCLOHEXASILOXANE, DIMETHICONOL, PHENYL TRIMETHICONE, DIMETHICONE, FRAGRANCE(PARFUM), TOCOPHERYL ACETATE, ETHYLHEXYL METHOXYCINNAMATE, LINALOOL, HYDROXYCITRONELLAL, CITRONELLOL, ALPHA-ISOMETHYL IONONE, LIMONENE, COUMARIN.\r\n\r\nPRESENTATION: Bottle x 100ml / 50ml.', 'en'),
(59, 30, 'INTENSIVE KERATIN TREATMENT', 'Fórmula elaborada a base de Keratina hidrolizada. Libre de sal, sulfatos y parabenos. Ayuda a reparar, nutrir y proteger la hebra capilar, eliminando el frizz y reparando toda la zona dañada de los cabellos sometidos a constantes daños químicos, como la tinturación, decoloración y procesos de alisado. Ideal para todo tipo de cabello.\r\n\r\nMODO DE USO: Luego de lavar el cabello con SHAMPOO DE LIMPIEZA PROFUNDA, aplique la cantidad necesaria del TRATAMIENTO sobre el cabello húmedo, de medios a puntas y dejar actuar de 5 a 10 minutos. Para cabellos extremadamente maltratados, dejar actuar por 15 minutos. Finalmente, enjuague con abundante agua tibia y selle el proceso de enjuague con agua fría. Úselo 1 o 2 veces por semana.\r\n\r\nINGREDIENTES: WATER (AQUA), CETEARYL ALCOHOL, HYDROXYPROPYL STARCH PHOSPHATE, GLYCERIN, CETRIMONIUM CHLORIDE, BEHENTRIMONIUM CHLORIDE, DICOCOYLETHYL HYDROXYETHYLMONIUM METHOSULFATE, FRAGRANCE (PARFUM), AMODIMETHICONE, PROPYLENE GLYCOL, CINNAMIDOPROPYLTRIMONIUM CHLORIDE, HYDROLYZED KERATIN, TRIDECETH-12, M E T H Y L C H L O R O I S O T H I A Z O L I N O N E , METHYLISOTHIAZOLINONE, CI 16035, CI 19140 CITRIC ACID.\r\n\r\nPRESENTACIÓN: Tubo x 280gr.', 'es'),
(60, 30, 'INTENSIVE KERATIN TREATMENT', 'Formula made from hydrolyzed Keratin. Free of salt, sulfates and parabens. Helps repair, nourish and protect the hair strand, eliminating frizz and repairing the entire damaged area of ​​hair subjected to constant chemical damage, such as dyeing, bleaching and straightening processes. Ideal for all types of hair.\r\n\r\nINSTRUCTIONS FOR USE: After washing the hair with DEEP CLEANSING SHAMPOO, apply the required amount of TREATMENT to damp hair, from mid-lengths to ends, and leave for 5 to 10 minutes. For extremely damaged hair, leave on for 15 minutes. Finally, rinse with plenty of warm water and seal the rinsing process with cold water. Use it 1 or 2 times a week.\r\n\r\nINGREDIENTS: WATER (AQUA), CETEARYL ALCOHOL, HYDROXYPROPYL STARCH PHOSPHATE, GLYCERIN, Cetrimonium CHLORIDE, BEHENTRIMONIUM CHLORIDE, DICOCOYLETHYL HYDROXYETHYLMONIUM methosulfate, FRAGRANCE (PARFUM), Amodimethicone, PROPYLENE GLYCOL, CINNAMIDOPROPYLTRIMONIUM CHLORIDE, HYDROLYZED KERATIN, trideceth-12, M E T H Y L C H L O R O I S O T H I A Z O L I N O N E, methylisothiazolinone , CI 16035, CI 19140 CITRIC ACID.\r\n\r\nPRESENTATION: Tube x 280gr.', 'en'),
(61, 31, 'SHOCK HIDRATACION PROFUNDA', 'Es un tratamiento que hidrata la hebra capilar cuyos síntomas son el daño y las puntas abiertas. Contiene Panthenol que ayuda a hidratar y dejar el cabello más suave, fuerte y brillante.\r\n\r\nMODO DE USO: Se sugiere el uso del Tratamiento Shock Hidratación Profunda 2 veces a la semana durante el primer mes; luego utilizar 1 ampolla seminal. \r\n1.-Lavar el cabello con shampoo y secar con una toalla. 2.-Vierta una dosis del shock Hidratación Profunda en 60mL de agua. 3.-Mezcle hasta obtener una crema suave y tersa. 4.-Aplique esparciéndola en el cabello de medios a punta, hasta lograr su total distribución. Deje actuar de 5 a 10 minutos. 5.-Enjuague suavemente, con abundante agua y proceda con el peinado en forma habitual.\r\nINGREDIENTES: ALCOHOL, CETYL ALCOHOL, CETRIMONIUM CHLORIDE, LAURYL ALCOHOL, PROPYLENE GLYCOL, MYRISTYL ALCOHOL, QUATERNIUM-70, FRAGRANCE (PARFUM), ETHYLHEXYL METHOXYCINNAMATE, MENTHOL, ETHYLHEXYL SALICYLATE, PLACENTAL PROTEIN, BUTYL METHOXYDIBENZOYLMETHANE, CITRIC ACID, HEXYL CINNAMAL, BUTYLPHENYL METHYLPROPIONAL, LINALOOL, BENZYL SALICYLATE, LIMONENE (D-LIMONENE), BLUE 1 (CI 42090).\r\n\r\nPRESENTACIÓN: Caja x 12 und – 15ml c/u.', 'es'),
(62, 31, 'SHOCK HIDRATACION PROFUNDA', 'It is a treatment that moisturizes the hair strand whose symptoms are damage and split ends. Contains Panthenol that helps moisturize and leave hair softer, stronger and shinier.\r\n\r\nINSTRUCTIONS FOR USE: We suggest the use of the Deep Hydration Shock Treatment twice a week during the first month; then use 1 seminal vial.\r\n1.-Wash the hair with shampoo and dry with a towel. 2.-Pour a dose of the Deep Hydration shock in 60mL of water. 3.-Mix until obtaining a soft and smooth cream. 4.-Apply it by spreading it on the hair from the middle to the end, until it is completely distributed. Let act for 5 to 10 minutes. 5.-Rinse gently with plenty of water and comb as usual.\r\nINGREDIENTS: ALCOHOL, CETYL ALCOHOL, Cetrimonium CHLORIDE, LAURYL ALCOHOL, PROPYLENE GLYCOL, Myristyl Alcohol, Quaternium-70, FRAGRANCE (PARFUM), ETHYLHEXYL METHOXYCINNAMATE, MENTHOL, ETHYLHEXYL SALICYLATE, Placental PROTEIN, BUTYL METHOXYDIBENZOYLMETHANE, CITRIC ACID HEXYL cinnamal, butylphenyl methylpropional , LINALOOL, BENZYL SALICYLATE, LIMONENE (D-LIMONENE), BLUE 1 (CI 42090).\r\n\r\nPRESENTATION: Box x 12 und – 15ml each.', 'en'),
(63, 32, 'SHOCK NUTRUCION PROFUNFA', 'Es un tratamiento capilar intensivo, contiene Proteína de Leche que nutre, humecta y restaura profundamente al cabello frágil y desvitalizado brindándole espesor, brillo y elasticidad. Con este tratamiento el cabello recupera textura, vida y luminosidad. \r\n\r\nMODO DE USO: Se sugiere el uso del Tratamiento Shock Nutrición Profunda 2 veces a la semana durante el primer mes; luego utilizar 1 ampolla seminal. \r\n1.-Lavar el cabello con shampoo y secar con una toalla. 2.-Vierta una dosis del shock Hidratación Profunda en 60mL de agua. 3.-Mezcle hasta obtener una crema suave y tersa. 4.-Aplique esparciéndola en el cabello de medios a punta, hasta lograr su total distribución. Deje actuar de 5 a 10 minutos. 5.-Enjuague suavemente, con abundante agua y proceda con el peinado en forma habitual.\r\nINGREDIENTES: ALCOHOL, CETYL ALCOHOL, CETRIMONIUM CHLORIDE, LAURYL ALCOHOL, PROPYLENE GLYCOL, MYRISTYL ALCOHOL, QUATERNIUM-70, FRAGRANCE (PARFUM), ETHYLHEXYL METHOXYCINNAMATE, ETHYLHEXYL SALICYLATE, HYDROLYZED MILK PROTEIN, BUTYL METHOXYDIBENZOYLMETHANE, CITRIC ACID, HEXYL CINNAMAL, BUTYLPHENYL METHYLPROPIONAL, LINALOOL, BENZYL SALICYLATE, LIMONENE (D-LIMONENE), YELLOW 5 (CI 19140).\r\n\r\nPRESENTACIÓN: Caja x 12 und – 15ml c/u.', 'es'),
(64, 32, 'SHOCK NUTRUCION PROFUNFA', 'It is an intensive hair treatment, it contains Milk Protein that deeply nourishes, moisturizes and restores fragile and devitalized hair, giving it thickness, shine and elasticity. With this treatment the hair recovers texture, life and luminosity.\r\n\r\nINSTRUCTIONS FOR USE: It is suggested to use the Deep Nutrition Shock Treatment twice a week during the first month; then use 1 seminal vial.\r\n1.-Wash the hair with shampoo and dry with a towel. 2.-Pour a dose of the Deep Hydration shock in 60mL of water. 3.-Mix until obtaining a soft and smooth cream. 4.-Apply it by spreading it on the hair from the middle to the end, until it is completely distributed. Let act for 5 to 10 minutes. 5.-Rinse gently with plenty of water and comb as usual.\r\nINGREDIENTS: ALCOHOL, CETYL ALCOHOL, Cetrimonium CHLORIDE, LAURYL ALCOHOL, PROPYLENE GLYCOL, Myristyl Alcohol, Quaternium-70, FRAGRANCE (PARFUM), ETHYLHEXYL METHOXYCINNAMATE, ETHYLHEXYL SALICYLATE, HYDROLYZED MILK PROTEIN, BUTYL METHOXYDIBENZOYLMETHANE, CITRIC ACID HEXYL cinnamal, butylphenyl methylpropional, LINALOOL, BENZYL SALICYLATE, LIMONENE (D-LIMONENE), YELLOW 5 (CI 19140).\r\n\r\nPRESENTATION: Box x 12 und – 15ml each.', 'en'),
(65, 33, 'SHOCK REPARACIÓN INTENSA', 'Es un tratamiento capilar intensivo para cabellos dañados o maltratados. Humecta y acondiciona profundamente el cabello, facilitando el peinado aportando brillo y suavidad. Gracias a la Proteína de Placenta reduce la formación de puntas quebradizas y previene el daño producido por los rayos solares, la salinidad, el medio ambiente y por el excesivo calor proporcionado por el secado, planchado y alisado.\r\n\r\nMODO DE USO: Se sugiere el uso del Tratamiento Shock Reparación Intensa 2 veces a la semana durante el primer mes; luego utilizar 1 ampolla seminal. \r\n1.-Lavar el cabello con shampoo y secar con una toalla. 2.-Vierta una dosis del shock Hidratación Profunda en 60mL de agua. 3.-Mezcle hasta obtener una crema suave y tersa. 4.-Aplique esparciéndola en el cabello de medios a punta, hasta lograr su total distribución. Deje actuar de 5 a 10 minutos. 5.-Enjuague suavemente, con abundante agua y proceda con el peinado en forma habitual.\r\nINGREDIENTES: ALCOHOL, CETYL ALCOHOL, CETRIMONIUM CHLORIDE, LAURYL ALCOHOL, PROPYLENE GLYCOL, MYRISTYL ALCOHOL, QUATERNIUM-70, FRAGRANCE (PARFUM), ETHYLHEXYL METHOXYCINNAMATE, ETHYLHEXYL SALICYLATE, HYDROLYZED MILK PROTEIN, BUTYL METHOXYDIBENZOYLMETHANE, CITRIC ACID, HEXYL CINNAMAL, BUTYLPHENYL METHYLPROPIONAL, LINALOOL, BENZYL SALICYLATE, LIMONENE (D-LIMONENE), YELLOW 5 (CI 19140).\r\n\r\nPRESENTACIÓN: Caja x 12 und – 15ml c/u.', 'es'),
(66, 33, 'SHOCK REPARACIÓN INTENSA', 'It is an intensive hair treatment for damaged or mistreated hair. Moisturizes and deeply conditions the hair, facilitating combing, providing shine and softness. Thanks to the Placenta Protein, it reduces the formation of brittle ends and prevents damage caused by sunlight, salinity, the environment and the excessive heat provided by drying, ironing and straightening.\r\n\r\nINSTRUCTIONS FOR USE: It is suggested to use the Intense Shock Repair Treatment twice a week during the first month; then use 1 seminal vial.\r\n1.-Wash the hair with shampoo and dry with a towel. 2.-Pour a dose of the Deep Hydration shock in 60mL of water. 3.-Mix until obtaining a soft and smooth cream. 4.-Apply it by spreading it on the hair from the middle to the end, until it is completely distributed. Let act for 5 to 10 minutes. 5.-Rinse gently with plenty of water and comb as usual.\r\nINGREDIENTS: ALCOHOL, CETYL ALCOHOL, Cetrimonium CHLORIDE, LAURYL ALCOHOL, PROPYLENE GLYCOL, Myristyl Alcohol, Quaternium-70, FRAGRANCE (PARFUM), ETHYLHEXYL METHOXYCINNAMATE, ETHYLHEXYL SALICYLATE, HYDROLYZED MILK PROTEIN, BUTYL METHOXYDIBENZOYLMETHANE, CITRIC ACID HEXYL cinnamal, butylphenyl methylpropional, LINALOOL, BENZYL SALICYLATE, LIMONENE (D-LIMONENE), YELLOW 5 (CI 19140).\r\n\r\nPRESENTATION: Box x 12 und – 15ml each.', 'en'),
(67, 34, 'SHOCK PROTECCIÓN COLOR', 'Es un tratamiento protector de los cabellos tinturados que están constantemente expuestos a los rayos solares. Desarrollada especialmente para proteger el color, acondicionar y equilibrar la estructura de cabellos teñidos. La incorporación de la Proteína de Seda protege al cabello de las agresiones del medio ambiente. Especial para cabellos teñidos, permanentados y dañados. El cabello lucirá sano, sedoso y con brillo.\r\n\r\nMODO DE USO: Se sugiere el uso del Tratamiento Shock Control Caída 2 veces a la semana durante el primer mes; luego utilizar 1 ampolla seminal. \r\n1.-Lavar el cabello con shampoo y secar con una toalla. 2.-Vierta una dosis del shock Hidratación Profunda en 60mL de agua. 3.-Mezcle hasta obtener una crema suave y tersa. 4.-Aplique esparciéndola en el cabello de medios a punta, hasta lograr su total distribución. Deje actuar de 5 a 10 minutos. 5.-Enjuague suavemente, con abundante agua y proceda con el peinado en forma habitual.\r\nINGREDIENTES: ALCOHOL, CETYL ALCOHOL, CETRIMONIUM CHLORIDE, LAURYL ALCOHOL, PROPYLENE GLYCOL, MYRISTYL ALCOHOL, QUATERNIUM-70, FRAGRANCE (PARFUM), ETHYLHEXYL METHOXYCINNAMATE, ETHYLHEXYL SALICYLATE, HYDROLYZED SILK, BUTYL METHOXYDIBENZOYLMETHANE, CITRIC ACID, HEXYL CINNAMAL, BUTYLPHENYL METHYLPROPIONAL, LINALOOL, BENZYL SALICYLATE, LIMONENE (D-LIMONENE), YELLOW 6 (CI 15985), RED 40 (CI 16035).\r\n\r\nPRESENTACIÓN: Caja x 12 und – 15ml c/u.', 'es'),
(68, 34, 'SHOCK PROTECCIÓN COLOR', 'It is a protective treatment for dyed hair that is constantly exposed to sunlight. Specially developed to protect colour, condition and balance the structure of colored hair. The incorporation of the Silk Protein protects the hair from the aggressions of the environment. Special for dyed, permed and damaged hair. Hair will look healthy, silky and shiny.\r\n\r\nINSTRUCTIONS FOR USE: It is suggested to use the Shock Control Fall Treatment twice a week during the first month; then use 1 seminal vial.\r\n1.-Wash the hair with shampoo and dry with a towel. 2.-Pour a dose of the Deep Hydration shock in 60mL of water. 3.-Mix until obtaining a soft and smooth cream. 4.-Apply it by spreading it on the hair from the middle to the end, until it is completely distributed. Let act for 5 to 10 minutes. 5.-Rinse gently with plenty of water and comb as usual.\r\nINGREDIENTS: ALCOHOL, CETYL ALCOHOL, Cetrimonium CHLORIDE, LAURYL ALCOHOL, PROPYLENE GLYCOL, Myristyl Alcohol, Quaternium-70, FRAGRANCE (PARFUM), ETHYLHEXYL METHOXYCINNAMATE, ETHYLHEXYL SALICYLATE, HYDROLYZED SILK, BUTYL METHOXYDIBENZOYLMETHANE, CITRIC ACID HEXYL cinnamal, butylphenyl methylpropional, linalool , BENZYL SALICYLATE, LIMONENE (D-LIMONENE), YELLOW 6 (CI 15985), RED 40 (CI 16035).\r\n\r\nPRESENTATION: Box x 12 und – 15ml each.', 'en'),
(69, 35, 'SHOCK CONTROL CAIDA', 'Es un tratamiento fortalecedor y revitalizante del cuero cabelludo y cabello, formulado con Extracto de Ginseng, conocido extracto natural que ayuda a disminuir la caída de cabello favoreciendo su crecimiento. Sus componentes energizan y nutren el cabello otorgándole elasticidad y brillo.\r\n\r\nMODO DE USO: Se sugiere el uso del Tratamiento Shock Control Caída 2 veces a la semana durante el primer mes; luego utilizar 1 ampolla seminal. \r\n1.-Lavar el cabello con shampoo y secar con una toalla. 2.-Vierta una dosis del shock Hidratación Profunda en 60mL de agua. 3.-Mezcle hasta obtener una crema suave y tersa. 4.-Aplique esparciéndola en el cabello de medios a punta, hasta lograr su total distribución. Deje actuar de 5 a 10 minutos. 5.-Enjuague suavemente, con abundante agua y proceda con el peinado en forma habitual.\r\nINGREDIENTES: ALCOHOL, CETYL ALCOHOL, CETRIMONIUM CHLORIDE, LAURYL ALCOHOL, PROPYLENE GLYCOL, MYRISTYL ALCOHOL, QUATERNIUM-70, FRAGRANCE (PARFUM), ETHYLHEXYL METHOXYCINNAMATE, ETHYLHEXYL SALICYLATE, PANAX GINSENG ROOT EXTRACT, BUTYL METHOXYDIBENZOYLMETHANE, CITRIC ACID, HEXYL CINNAMAL, BUTYLPHENYL METHYLPROPIONAL, LINALOOL, BENZYL SALICYLATE, LIMONENE (D-LIMONENE), YELLOW 5 (CI 19140), BLUE 1 (CI 42090).\r\n\r\nPRESENTACIÓN: Caja x 12 und – 15ml c/u.', 'es'),
(70, 35, 'SHOCK CONTROL CAIDA', 'It is a strengthening and revitalizing treatment for the scalp and hair, formulated with Ginseng Extract, a well-known natural extract that helps reduce hair loss by promoting its growth. Its components energize and nourish the hair, giving it elasticity and shine.\r\n\r\nINSTRUCTIONS FOR USE: It is suggested to use the Shock Control Fall Treatment twice a week during the first month; then use 1 seminal vial.\r\n1.-Wash the hair with shampoo and dry with a towel. 2.-Pour a dose of the Deep Hydration shock in 60mL of water. 3.-Mix until obtaining a soft and smooth cream. 4.-Apply it by spreading it on the hair from the middle to the end, until it is completely distributed. Let act for 5 to 10 minutes. 5.-Rinse gently with plenty of water and comb as usual.\r\nINGREDIENTS: ALCOHOL, CETYL ALCOHOL, Cetrimonium CHLORIDE, LAURYL ALCOHOL, PROPYLENE GLYCOL, Myristyl Alcohol, Quaternium-70, FRAGRANCE (PARFUM), ETHYLHEXYL METHOXYCINNAMATE, ETHYLHEXYL SALICYLATE, PANAX GINSENG ROOT EXTRACT, BUTYL METHOXYDIBENZOYLMETHANE, CITRIC ACID HEXYL cinnamal, butylphenyl methylpropional , LINALOOL, BENZYL SALICYLATE, LIMONENE (D-LIMONENE), YELLOW 5 (CI 19140), BLUE 1 (CI 42090).\r\n\r\nPRESENTATION: Box x 12 und – 15ml each.', 'en'),
(71, 36, 'BB-TOX PRO TREATMENT', 'La Nueva Nanotecnología BB-TOX permite que los ingredientes naturales de la formulación actúen en lo más profundo de la hebra, logrando un efecto más potente sobre el cabello. La segunda gran ventaja es la reducción del tiempo de aplicación porque las moléculas diminutas son más ligeras y el cabello las absorbe con mayor rapidez. Reduce el volumen del cabello sin alterar su estructura natural. Refuerza, repara y reconstruye con mayor intensidad sobre las zonas dañadas. Brinda suavidad y movimiento en medios y flexibilidad en las puntas. Cabello sin frizz, sedoso y brillante. \r\n\r\nMODO DE USO: \r\n1.Lavar con shampoo alcalino o neutro para limpiar y retirar residuos. De ser necesario, realizar un 2do lavado para una óptima limpieza.\r\nEn cabellos vírgenes, gruesos y rebeldes aplicar un segundo lavado para abrir cutícula, dejando reposar el producto por 5 minutos.\r\nSecar el cabello. Procesados al 50%. Vírgenes, gruesos y rebeldes al 100% (porcentaje promedio previo diagnóstico). \r\n2. Aplicar BB-TOX PRO TREATMENT dejando un centímetro de la raíz hacia las puntas y dejar actuar el producto según los tiempos estimados al tipo de cabello. Procesados: 20 minutos. Vírgenes, gruesos y rebeldes: 30 minutos (tiempo promedio previo diagnóstico).\r\n3. Enjuagar el 100% del producto con agua temperada. Aplicar mascarilla SMOOTHING MASK POST LISS de medios a puntas por 15 minutos para proceder con el sellado. Enjuagar y secar.\r\n4. Cepillar el cabello dividiéndolo en 3 cuadrante. \r\n5. Planchar el cabello dividiéndolo en 4 cuadrantes en mechas finas. Repetir la acción de 3 a 5 veces por mechón. Peinar y aplicar SMOOTHING SERUM POST LISS para finalizar el proceso.\r\n\r\nINGREDIENTES: WATER (AQUA), GLYOXYLIC ACID, DIMETHICONE, CETYL ALCOHOL, GLYCERIN, BEHENTRIMONIUM METHOSULFATE, MACADAMIA TERNIFOLIA SEED OIL, COMMIPHORA MYRRHA RESIN EXTRACT, BEHENTRIMONIUM CHLORIDE, FRAGRANCE (PARFUM), PROPOLIS EXTRACT, BIS-CETEARYL AMODIMETHICONE, STEARYL ALCOHOL, DIMETHICONOL, BUTYLENE GLYCOL, COCOS NUCIFERA (COCONUT) OIL, POLYQUATERNIUM -55, CETEARETH-20, HYDROLYZED KERATIN, BEESWAX, CARBOCYSTEINE, HYDROLYZED HYALURONIC ACID, CANDELILLA CERA, METHYLCHLOROISOTHIAZOLINONE, METHYLISOTHIAZOLINONE.\r\n\r\nPRESENTACIÓN: Pote x 500gr / 1Kg.', 'es'),
(72, 36, 'BB-TOX PRO TREATMENT', 'The New BB-TOX Nanotechnology allows the natural ingredients of the formulation to act in the depths of the strand, achieving a more powerful effect on the hair. The second big advantage is the reduction in application time because the tiny molecules are lighter and are absorbed more quickly by the hair. Reduces hair volume without altering its natural structure. Strengthens, repairs and rebuilds with greater intensity on damaged areas. Provides softness and movement in the middle and flexibility in the ends. Frizz-free, silky and shiny hair.\r\n\r\nMODE OF USE:\r\n1. Wash with alkaline or neutral shampoo to clean and remove residue. If necessary, perform a 2nd wash for optimal cleaning.\r\nIn virgin, thick and rebellious hair, apply a second wash to open the cuticle, leaving the product to rest for 5 minutes.\r\nDry hair. Processed at 50%. Virgins, thick and rebellious at 100% (average percentage prior to diagnosis).\r\n2. Apply BB-TOX PRO TREATMENT leaving a centimeter from the root to the ends and leave the product to act according to the times estimated for the type of hair. Processed: 20 minutes. Virgins, thick and rebellious: 30 minutes (average time prior to diagnosis).\r\n3. Rinse 100% of the product with warm water. Apply SMOOTHING MASK POST LISS from mid-lengths to ends for 15 minutes to proceed with sealing. Rinse and dry.\r\n4. Brush the hair dividing it into 3 quadrants.\r\n5. Flat iron the hair, dividing it into 4 quadrants into thin sections. Repeat the action 3 to 5 times per lock. Comb and apply SMOOTHING SERUM POST LISS to finish the process.\r\n\r\nINGREDIENTS: WATER (AQUA), GLYOXYLIC ACID, DIMETHICONE, CETYL ALCOHOL, GLYCERIN, BEHENTRIMONIUM METHOSULFATE, MACADAMIA TERNIFOLIA SEED OIL, COMMIPHORA MYRRHA RESIN EXTRACT, BEHENTRIMONIUM CHLORIDE, FRAGRANCE (PARFUM), PROPOLIS EXTRACT, BIS-CETEARYL AMODIMETHICONE, STEARYL ALCONE , BUTYLENE GLYCOL, COCOS NUCIFERA (COCONUT) OIL, POLYQUATERNIUM -55, CETEARETH-20, HYDROLYZED KERATIN, BEESWAX, CARBOCYSTEINE, HYDROLYZED HYALURONIC ACID, CANDELILLA CERA, METHYLCHLOROISOTHIAZOLINONE, METHYLISOTHIAZOLINONE.\r\n\r\nPRESENTATION: Pot x 500gr / 1Kg.', 'en'),
(73, 37, 'BB-TOX PRO TREATMENT BLUE', 'Nueva Nanotecnología BB-TOX permite que los ingredientes naturales de la formulación actúen en lo más profundo de la hebra capilar logrando un efecto más potente sobre el cabello. Además, reduce el tiempo de aplicación porque las moléculas son más ligeras y el cabello las absorbe con mayor rapidez. Elimina tonos cobrizos y amarillos oxidados, gracias a los Pigmentos Violetas de su formulación, que ayudan a matizar, neutralizar y prevenir la aparición de los visos rojizos y amarillos no deseados para un rubio perfecto y platinado. Realza el brillo y suavidad de los cabellos rubios y decolorados. Reduce el volumen del cabello sin alterar su estructura natural. Refuerza, repara y reconstruye con mayor intensidad sobre las zonas dañadas. Brinda suavidad y movimiento en la parte media del cabello y flexibilidad en las puntas. Cabello sin frizz, sedoso y brillante. \r\n\r\nMODO DE USO:\r\n1.Lavar con shampoo alcalino o neutro para limpiar y retirar residuos. De ser necesario, realizar un 2do lavado para una óptima limpieza.\r\nEn cabellos vírgenes, gruesos y rebeldes aplicar un segundo lavado para abrir cutícula, dejando reposar el producto por 5 minutos.\r\nSecar el cabello. Procesados al 50%. Vírgenes, gruesos y rebeldes al 100% (porcentaje promedio previo diagnóstico). \r\n2. Aplicar BB-TOX PRO TREATMENT BLUE dejando un centímetro de la raíz hacia las puntas y dejar actuar el producto según los tiempos estimados al tipo de cabello. Procesados: 20 minutos. Vírgenes, gruesos y rebeldes: 30 minutos (tiempo promedio previo diagnóstico).\r\n3. Enjuagar el 100% del producto con agua temperada. Aplicar SEALER BALM BLUE de medios a puntas por 15 minutos para proceder con el sellado. Enjuagar y secar.\r\n4. Cepillar el cabello dividiéndolo en 3 cuadrante. \r\n5. Planchar el cabello dividiéndolo en 4 cuadrantes en mechas finas. Repetir la acción de 3 a 5 veces por mechón. Peinar y aplicar SMOOTHING SERUM POST LISS para finalizar el proceso.\r\n\r\nINGREDIENTES: WATER (AQUA), GLYOXYLIC ACID, DIMETHICONE, CETYL ALCOHOL, GLYCERIN, BEHENTRIMONIUM METHOSULFATE, MACADAMIA TERNIFOLIA SEED OIL, COMMIPHORA MYRRHA RESIN EXTRACT, BEHENTRIMONIUM CHLORIDE, FRAGRANCE(PARFUM), PROPOLIS EXTRACT, BIS-CETEARYL AMODIMETHICONE, STEARYL ALCOHOL, DIMETHICONOL, BUTYLENE GLYCOL, COCOS NUCIFERA (COCONUT) OIL, POLYQUATERNIUM -55, CETEARETH-20, HYDROLYZED KERATIN, D&C Violet N°2 ( CI 60730), BEESWAX, CARBOCYSTEINE, HYDROLYZED HYALURONIC ACID, CANDELILLA CERA, METHYLCHLOROISOTHIAZOLINONE, METHYLISOTHIAZOLINONE.\r\n\r\nPRESENTACIÓN: Pote x 500gr / 1Kg.', 'es'),
(74, 37, 'BB-TOX PRO TREATMENT BLUE', 'New BB-TOX Nanotechnology allows the natural ingredients of the formulation to act in the depths of the hair strand, achieving a more powerful effect on the hair. In addition, it reduces the application time because the molecules are lighter and the hair absorbs them more quickly. Eliminates coppery and rusty yellow tones, thanks to the Violet Pigments in its formulation, which help to nuance, neutralize and prevent the appearance of unwanted reddish and yellow hues for a perfect platinum blonde. Enhances the shine and softness of blonde and bleached hair. Reduces hair volume without altering its natural structure. Strengthens, repairs and rebuilds with greater intensity on damaged areas. Provides softness and movement in the middle part of the hair and flexibility in the ends. Frizz-free, silky and shiny hair.\r\n\r\nMODE OF USE:\r\n1. Wash with alkaline or neutral shampoo to clean and remove residue. If necessary, perform a 2nd wash for optimal cleaning.\r\nIn virgin, thick and rebellious hair, apply a second wash to open the cuticle, leaving the product to rest for 5 minutes.\r\nDry hair. Processed at 50%. Virgins, thick and rebellious at 100% (average percentage prior to diagnosis).\r\n2. Apply BB-TOX PRO TREATMENT BLUE leaving a centimeter from the root to the ends and leave the product to act according to the times estimated for the type of hair. Processed: 20 minutes. Virgins, thick and rebellious: 30 minutes (average time prior to diagnosis).\r\n3. Rinse 100% of the product with warm water. Apply SEALER BALM BLUE from mid-lengths to ends for 15 minutes to proceed with sealing. Rinse and dry.\r\n4. Brush the hair dividing it into 3 quadrants.\r\n5. Flat iron the hair, dividing it into 4 quadrants into thin sections. Repeat the action 3 to 5 times per lock. Comb and apply SMOOTHING SERUM POST LISS to finish the process.\r\n\r\nINGREDIENTS: WATER (AQUA), GLYOXYLIC ACID, DIMETHICONE, CETYL ALCOHOL, GLYCERIN, BEHENTRIMONIUM METHOSULFATE, MACADAMIA TERNIFOLIA SEED OIL, COMMIPHORA MYRRHA RESIN EXTRACT, BEHENTRIMONIUM CHLORIDE, FRAGRANCE(PARFUM), PROPOLIS EXTRACT, BIS-CETEARYL AMODIMETHOL, DIOLSTEARYL ALCONE , BUTYLENE GLYCOL, COCOS NUCIFERA (COCONUT) OIL, POLYQUATERNIUM -55, CETEARETH-20, HYDROLYZED KERATIN, D&C Violet N°2 (CI 60730), BEESWAX, CARBOCYSTEINE, HYDROLYZED HYALURONIC ACID, CANDELILLA CERA, METHYLCHLOROISOTHIAZOLINONE, METHYLISOTHIAZOLINONE.\r\n\r\nPRESENTATION: Pot x 500gr / 1Kg.', 'en'),
(75, 38, 'SEALER BALM BLUE', 'El tratamiento intensivo RADIANT SEALER BALM BLUE contiene pigmentos violetas y la tecnología BBTOX BLUE que actúan  reparando el daño de la hebra capilar. Restaura, hidrata, nutre, y sella cutículas, mejorando la apariencia de los cabellos grises, rubios y decolorados. Neutraliza y matiza los tonos amarillos y rojizos no deseados. Permite un efecto platinado, sedoso, brillante y sin frizz por mas tiempo. Sin sal, Sulfatos ni Parabenos.\r\n\r\nMODO DE USO: Después de aplicar el tratamiento RADIANT BB-TOX PRO TREATMENT BLUE, enjuagar el cabello y aplicar RADIANT SEALER BALM BLUE sobre todo el cabello mojado de medios a puntas. Dejar actuar por 15 minutos, luego enjuagar con agua tibia. Secar al 100% con la ayuda de una secadora y cepillo. Pasar la plancha mecha por mecha de 4 a 5 veces. Si el cabello es delgado, exponerlo a una temperatura de 180°C y si el cabello  es grueso exponerlo a una temperatura de 200°C.\r\n\r\nINGREDIENTES: WATER (AQUA), CETYL ALCOHOL, STEARYL ALCOHOL,GLYCERIN, CETEARYL ALCOHOL,DIMETHICONE, BEHENTRIMONIUM METHOSULFATE, CETRIMONIUM CHLORIDE, AMODIMETHICONE, FRAGRANCE (PARFUM), BUTYLENE GLYCOL, CITRIC ACID, BENZYL ALCOHOL, COCOS NUCIFERA (COCONUT)OIL, PCA DIMETHICONE, POLYQUATERNIUM-55, HYDROLYZED  KERATIN, D&C VIOLET N°2 (CI 60730), TRIDECETH-12, POLYSORBATE 20, HYDROLYZED HYALURONIC ACID, METHYLCHLOROISOTHIAZOLINONE, METHYLISOTHIAZOLINONE.\r\n\r\nPRESENTACIÓN: Frasco x 1Lt.', 'es'),
(76, 38, 'SEALER BALM BLUE', 'The RADIANT SEALER BALM BLUE intensive treatment contains violet pigments and BBTOX BLUE technology that act by repairing damage to the hair strand. Restores, hydrates, nourishes, and seals cuticles, improving the appearance of gray, blonde, and bleached hair. Neutralizes and nuances unwanted yellow and reddish tones. Allows a platinum, silky, shiny and frizz-free effect for longer. No salt, sulfates or parabens.\r\n\r\nHOW TO USE: After applying the RADIANT BB-TOX PRO TREATMENT BLUE treatment, rinse hair and apply RADIANT SEALER BALM BLUE all over wet hair from mid-lengths to ends. Leave on for 15 minutes, then rinse with warm water. Dry 100% with the help of a dryer and brush. Pass the iron wick by wick 4 to 5 times. If the hair is thin, expose it to a temperature of 180°C and if the hair is thick, expose it to a temperature of 200°C.\r\n\r\nINGREDIENTS: WATER (AQUA), CETYL ALCOHOL, STEARYL ALCOHOL,GLYCERIN, CETEARYL ALCOHOL,DIMETHICONE, BEHENTRIMONIUM METHOSULFATE, CETRIMONIUM CHLORIDE, AMODIMETHICONE, FRAGRANCE (PARFUM), BUTYLENE GLYCOL, CITRIC ACID, BENZYL ALCOHOL, COCOS NUCIFERA (COCONUT)OIL, PCAHOL DIMETHICONE, POLYQUATERNIUM-55, HYDROLYZED KERATIN, D&C VIOLET N°2 (CI 60730), TRIDECETH-12, POLYSORBATE 20, HYDROLYZED HYALURONIC ACID, METHYLCHLOROISOTHIAZOLINONE, METHYLISOTHIAZOLINONE.\r\n\r\nPRESENTATION: Bottle x 1Lt.', 'en');
COMMIT;

